RMSE,DTM_KL01,Sammon,Trustworthiness,Steadiness,mdp,cnt
True,True,True,True,True,world12d_11/world12d_12/world12d_19/world12d_28/world12d_29/world12d_32/world12d_34/breastcancerwisconsinprognostic_0/breastcancerwisconsinprognostic_1/breastcancerwisconsinprognostic_2/breastcancerwisconsinprognostic_6/breastcancerwisconsinprognostic_16/weather_1/weather_2/weather_5/weather_7/weather_8/weather_19/weather_26/weather_28/weather_29/weather_33/wine_0/wine_7/wine_8/wine_9/wine_17/wine_46/boston_8/breastcancercoimbra_0/breastcancercoimbra_1/breastcancercoimbra_5/breastcancercoimbra_7/breastcancercoimbra_8/breastcancercoimbra_18/drybean_0/drybean_1/drybean_4/drybean_7/drybean_8/drybean_9/drybean_25/drybean_28/drybean_29/drybean_30/drybean_31/drybean_45/drybean_46/drybean_48/drybean_49/drybean_50/drybean_51/drybean_52/drybean_53/drybean_55/drybean_56/drybean_57/drybean_58/drybean_59/covertype_25/covertype_28/covertype_32/housing_3/housing_7/housing_10/housing_11/housing_18/housing_19/olive_5/world12d_11/world12d_12/world12d_19/world12d_28/world12d_29/world12d_32/world12d_34/breastcancerwisconsinprognostic_0/breastcancerwisconsinprognostic_1/breastcancerwisconsinprognostic_2/breastcancerwisconsinprognostic_6/breastcancerwisconsinprognostic_16/weather_1/weather_2/weather_5/weather_7/weather_8/weather_19/weather_26/weather_28/weather_29/weather_33/wine_0/wine_7/wine_8/wine_9/wine_17/wine_46/boston_8/breastcancercoimbra_0/breastcancercoimbra_1/breastcancercoimbra_5/breastcancercoimbra_7/breastcancercoimbra_8/breastcancercoimbra_18/drybean_0/drybean_1/drybean_4/drybean_7/drybean_8/drybean_9/drybean_25/drybean_28/drybean_29/drybean_30/drybean_31/drybean_45/drybean_46/drybean_48/drybean_49/drybean_50/drybean_51/drybean_52/drybean_53/drybean_55/drybean_56/drybean_57/drybean_58/drybean_59/covertype_25/covertype_28/covertype_32/housing_3/housing_7/housing_10/housing_11/housing_18/housing_19/olive_5/world12d_11/world12d_12/world12d_19/world12d_28/world12d_29/world12d_32/world12d_34/breastcancerwisconsinprognostic_0/breastcancerwisconsinprognostic_1/breastcancerwisconsinprognostic_2/breastcancerwisconsinprognostic_6/breastcancerwisconsinprognostic_16/weather_1/weather_2/weather_5/weather_7/weather_8/weather_19/weather_26/weather_28/weather_29/weather_33/wine_0/wine_7/wine_8/wine_9/wine_17/wine_46/boston_8/breastcancercoimbra_0/breastcancercoimbra_1/breastcancercoimbra_5/breastcancercoimbra_7/breastcancercoimbra_8/breastcancercoimbra_18/drybean_0/drybean_1/drybean_4/drybean_7/drybean_8/drybean_9/drybean_25/drybean_28/drybean_29/drybean_30/drybean_31/drybean_45/drybean_46/drybean_48/drybean_49/drybean_50/drybean_51/drybean_52/drybean_53/drybean_55/drybean_56/drybean_57/drybean_58/drybean_59/covertype_25/covertype_28/covertype_32/housing_3/housing_7/housing_10/housing_11/housing_18/housing_19/olive_5/world12d_11/world12d_12/world12d_19/world12d_28/world12d_29/world12d_32/world12d_34/breastcancerwisconsinprognostic_0/breastcancerwisconsinprognostic_1/breastcancerwisconsinprognostic_2/breastcancerwisconsinprognostic_6/breastcancerwisconsinprognostic_16/weather_1/weather_2/weather_5/weather_7/weather_8/weather_19/weather_26/weather_28/weather_29/weather_33/wine_0/wine_7/wine_8/wine_9/wine_17/wine_46/boston_8/breastcancercoimbra_0/breastcancercoimbra_1/breastcancercoimbra_5/breastcancercoimbra_7/breastcancercoimbra_8/breastcancercoimbra_18/drybean_0/drybean_1/drybean_4/drybean_7/drybean_8/drybean_9/drybean_25/drybean_28/drybean_29/drybean_30/drybean_31/drybean_45/drybean_46/drybean_48/drybean_49/drybean_50/drybean_51/drybean_52/drybean_53/drybean_55/drybean_56/drybean_57/drybean_58/drybean_59/covertype_25/covertype_28/covertype_32/housing_3/housing_7/housing_10/housing_11/housing_18/housing_19/olive_5/world12d_11/world12d_12/world12d_19/world12d_28/world12d_29/world12d_32/world12d_34/breastcancerwisconsinprognostic_0/breastcancerwisconsinprognostic_1/breastcancerwisconsinprognostic_2/breastcancerwisconsinprognostic_6/breastcancerwisconsinprognostic_16/weather_1/weather_2/weather_5/weather_7/weather_8/weather_19/weather_26/weather_28/weather_29/weather_33/wine_0/wine_7/wine_8/wine_9/wine_17/wine_46/boston_8/breastcancercoimbra_0/breastcancercoimbra_1/breastcancercoimbra_5/breastcancercoimbra_7/breastcancercoimbra_8/breastcancercoimbra_18/drybean_0/drybean_1/drybean_4/drybean_7/drybean_8/drybean_9/drybean_25/drybean_28/drybean_29/drybean_30/drybean_31/drybean_45/drybean_46/drybean_48/drybean_49/drybean_50/drybean_51/drybean_52/drybean_53/drybean_55/drybean_56/drybean_57/drybean_58/drybean_59/covertype_25/covertype_28/covertype_32/housing_3/housing_7/housing_10/housing_11/housing_18/housing_19/olive_5/,345
True,True,True,True,False,breastcancerwisconsinprognostic_11/breastcancerwisconsinprognostic_15/breastcancercoimbra_13/drybean_3/drybean_6/drybean_11/drybean_13/drybean_14/drybean_15/drybean_16/drybean_18/drybean_19/drybean_54/covertype_0/covertype_1/covertype_2/covertype_3/covertype_6/covertype_7/covertype_8/covertype_14/covertype_26/covertype_27/covertype_29/covertype_30/covertype_31/covertype_33/covertype_34/extyaleb_1/extyaleb_3/extyaleb_13/extyaleb_29/extyaleb_30/housing_14/housing_15/housing_16/housing_47/olive_9/breastcancerwisconsinprognostic_11/breastcancerwisconsinprognostic_15/breastcancercoimbra_13/drybean_3/drybean_6/drybean_11/drybean_13/drybean_14/drybean_15/drybean_16/drybean_18/drybean_19/drybean_54/covertype_0/covertype_1/covertype_2/covertype_3/covertype_6/covertype_7/covertype_8/covertype_14/covertype_26/covertype_27/covertype_29/covertype_30/covertype_31/covertype_33/covertype_34/extyaleb_1/extyaleb_3/extyaleb_13/extyaleb_29/extyaleb_30/housing_14/housing_15/housing_16/housing_47/olive_9/breastcancerwisconsinprognostic_11/breastcancerwisconsinprognostic_15/breastcancercoimbra_13/drybean_3/drybean_6/drybean_11/drybean_13/drybean_14/drybean_15/drybean_16/drybean_18/drybean_19/drybean_54/covertype_0/covertype_1/covertype_2/covertype_3/covertype_6/covertype_7/covertype_8/covertype_14/covertype_26/covertype_27/covertype_29/covertype_30/covertype_31/covertype_33/covertype_34/extyaleb_1/extyaleb_3/extyaleb_13/extyaleb_29/extyaleb_30/housing_14/housing_15/housing_16/housing_47/olive_9/breastcancerwisconsinprognostic_11/breastcancerwisconsinprognostic_15/breastcancercoimbra_13/drybean_3/drybean_6/drybean_11/drybean_13/drybean_14/drybean_15/drybean_16/drybean_18/drybean_19/drybean_54/covertype_0/covertype_1/covertype_2/covertype_3/covertype_6/covertype_7/covertype_8/covertype_14/covertype_26/covertype_27/covertype_29/covertype_30/covertype_31/covertype_33/covertype_34/extyaleb_1/extyaleb_3/extyaleb_13/extyaleb_29/extyaleb_30/housing_14/housing_15/housing_16/housing_47/olive_9/breastcancerwisconsinprognostic_11/breastcancerwisconsinprognostic_15/breastcancercoimbra_13/drybean_3/drybean_6/drybean_11/drybean_13/drybean_14/drybean_15/drybean_16/drybean_18/drybean_19/drybean_54/covertype_0/covertype_1/covertype_2/covertype_3/covertype_6/covertype_7/covertype_8/covertype_14/covertype_26/covertype_27/covertype_29/covertype_30/covertype_31/covertype_33/covertype_34/extyaleb_1/extyaleb_3/extyaleb_13/extyaleb_29/extyaleb_30/housing_14/housing_15/housing_16/housing_47/olive_9/,190
True,True,True,False,True,world12d_0/world12d_1/world12d_2/world12d_3/world12d_4/world12d_5/world12d_6/world12d_8/world12d_9/world12d_10/world12d_13/world12d_14/world12d_15/world12d_17/world12d_55/world12d_56/world12d_61/breastcancercoimbra_3/breastcancercoimbra_4/breastcancercoimbra_46/world12d_0/world12d_1/world12d_2/world12d_3/world12d_4/world12d_5/world12d_6/world12d_8/world12d_9/world12d_10/world12d_13/world12d_14/world12d_15/world12d_17/world12d_55/world12d_56/world12d_61/breastcancercoimbra_3/breastcancercoimbra_4/breastcancercoimbra_46/world12d_0/world12d_1/world12d_2/world12d_3/world12d_4/world12d_5/world12d_6/world12d_8/world12d_9/world12d_10/world12d_13/world12d_14/world12d_15/world12d_17/world12d_55/world12d_56/world12d_61/breastcancercoimbra_3/breastcancercoimbra_4/breastcancercoimbra_46/world12d_0/world12d_1/world12d_2/world12d_3/world12d_4/world12d_5/world12d_6/world12d_8/world12d_9/world12d_10/world12d_13/world12d_14/world12d_15/world12d_17/world12d_55/world12d_56/world12d_61/breastcancercoimbra_3/breastcancercoimbra_4/breastcancercoimbra_46/world12d_0/world12d_1/world12d_2/world12d_3/world12d_4/world12d_5/world12d_6/world12d_8/world12d_9/world12d_10/world12d_13/world12d_14/world12d_15/world12d_17/world12d_55/world12d_56/world12d_61/breastcancercoimbra_3/breastcancercoimbra_4/breastcancercoimbra_46/,100
True,True,True,False,False,world12d_16/world12d_20/world12d_21/world12d_25/world12d_65/world12d_66/world12d_67/world12d_68/world12d_69/breastcancerwisconsinprognostic_8/breastcancerwisconsinprognostic_23/breastcancerwisconsinprognostic_24/weather_45/weather_46/weather_47/weather_48/weather_49/wine_20/wine_21/wine_22/wine_23/wine_24/wine_45/wine_47/wine_48/wine_49/wine_52/wine_65/wine_66/wine_67/wine_68/wine_69/boston_0/boston_5/boston_9/boston_21/boston_22/boston_24/boston_30/boston_46/boston_47/boston_49/boston_65/boston_66/boston_67/boston_68/boston_69/breastcancercoimbra_9/breastcancercoimbra_17/breastcancercoimbra_20/breastcancercoimbra_22/breastcancercoimbra_45/breastcancercoimbra_47/breastcancercoimbra_48/breastcancercoimbra_49/breastcancercoimbra_65/breastcancercoimbra_66/breastcancercoimbra_67/breastcancercoimbra_68/breastcancercoimbra_69/drybean_21/drybean_22/drybean_23/drybean_24/drybean_47/drybean_60/drybean_61/drybean_63/drybean_64/covertype_20/covertype_23/covertype_24/covertype_35/covertype_44/covertype_60/covertype_61/covertype_62/covertype_63/covertype_64/extyaleb_0/extyaleb_2/extyaleb_4/extyaleb_5/extyaleb_6/extyaleb_7/extyaleb_8/extyaleb_9/extyaleb_15/extyaleb_25/extyaleb_28/extyaleb_34/extyaleb_39/extyaleb_45/extyaleb_46/extyaleb_48/extyaleb_49/extyaleb_55/extyaleb_56/extyaleb_57/extyaleb_58/extyaleb_59/extyaleb_60/extyaleb_61/extyaleb_62/extyaleb_63/extyaleb_64/extyaleb_65/extyaleb_66/extyaleb_67/extyaleb_68/extyaleb_69/housing_13/housing_21/housing_23/olive_49/olive_65/olive_66/olive_67/olive_69/world12d_16/world12d_20/world12d_21/world12d_25/world12d_65/world12d_66/world12d_67/world12d_68/world12d_69/breastcancerwisconsinprognostic_8/breastcancerwisconsinprognostic_23/breastcancerwisconsinprognostic_24/weather_45/weather_46/weather_47/weather_48/weather_49/wine_20/wine_21/wine_22/wine_23/wine_24/wine_45/wine_47/wine_48/wine_49/wine_52/wine_65/wine_66/wine_67/wine_68/wine_69/boston_0/boston_5/boston_9/boston_21/boston_22/boston_24/boston_30/boston_46/boston_47/boston_49/boston_65/boston_66/boston_67/boston_68/boston_69/breastcancercoimbra_9/breastcancercoimbra_17/breastcancercoimbra_20/breastcancercoimbra_22/breastcancercoimbra_45/breastcancercoimbra_47/breastcancercoimbra_48/breastcancercoimbra_49/breastcancercoimbra_65/breastcancercoimbra_66/breastcancercoimbra_67/breastcancercoimbra_68/breastcancercoimbra_69/drybean_21/drybean_22/drybean_23/drybean_24/drybean_47/drybean_60/drybean_61/drybean_63/drybean_64/covertype_20/covertype_23/covertype_24/covertype_35/covertype_44/covertype_60/covertype_61/covertype_62/covertype_63/covertype_64/extyaleb_0/extyaleb_2/extyaleb_4/extyaleb_5/extyaleb_6/extyaleb_7/extyaleb_8/extyaleb_9/extyaleb_15/extyaleb_25/extyaleb_28/extyaleb_34/extyaleb_39/extyaleb_45/extyaleb_46/extyaleb_48/extyaleb_49/extyaleb_55/extyaleb_56/extyaleb_57/extyaleb_58/extyaleb_59/extyaleb_60/extyaleb_61/extyaleb_62/extyaleb_63/extyaleb_64/extyaleb_65/extyaleb_66/extyaleb_67/extyaleb_68/extyaleb_69/housing_13/housing_21/housing_23/olive_49/olive_65/olive_66/olive_67/olive_69/world12d_16/world12d_20/world12d_21/world12d_25/world12d_65/world12d_66/world12d_67/world12d_68/world12d_69/breastcancerwisconsinprognostic_8/breastcancerwisconsinprognostic_23/breastcancerwisconsinprognostic_24/weather_45/weather_46/weather_47/weather_48/weather_49/wine_20/wine_21/wine_22/wine_23/wine_24/wine_45/wine_47/wine_48/wine_49/wine_52/wine_65/wine_66/wine_67/wine_68/wine_69/boston_0/boston_5/boston_9/boston_21/boston_22/boston_24/boston_30/boston_46/boston_47/boston_49/boston_65/boston_66/boston_67/boston_68/boston_69/breastcancercoimbra_9/breastcancercoimbra_17/breastcancercoimbra_20/breastcancercoimbra_22/breastcancercoimbra_45/breastcancercoimbra_47/breastcancercoimbra_48/breastcancercoimbra_49/breastcancercoimbra_65/breastcancercoimbra_66/breastcancercoimbra_67/breastcancercoimbra_68/breastcancercoimbra_69/drybean_21/drybean_22/drybean_23/drybean_24/drybean_47/drybean_60/drybean_61/drybean_63/drybean_64/covertype_20/covertype_23/covertype_24/covertype_35/covertype_44/covertype_60/covertype_61/covertype_62/covertype_63/covertype_64/extyaleb_0/extyaleb_2/extyaleb_4/extyaleb_5/extyaleb_6/extyaleb_7/extyaleb_8/extyaleb_9/extyaleb_15/extyaleb_25/extyaleb_28/extyaleb_34/extyaleb_39/extyaleb_45/extyaleb_46/extyaleb_48/extyaleb_49/extyaleb_55/extyaleb_56/extyaleb_57/extyaleb_58/extyaleb_59/extyaleb_60/extyaleb_61/extyaleb_62/extyaleb_63/extyaleb_64/extyaleb_65/extyaleb_66/extyaleb_67/extyaleb_68/extyaleb_69/housing_13/housing_21/housing_23/olive_49/olive_65/olive_66/olive_67/olive_69/world12d_16/world12d_20/world12d_21/world12d_25/world12d_65/world12d_66/world12d_67/world12d_68/world12d_69/breastcancerwisconsinprognostic_8/breastcancerwisconsinprognostic_23/breastcancerwisconsinprognostic_24/weather_45/weather_46/weather_47/weather_48/weather_49/wine_20/wine_21/wine_22/wine_23/wine_24/wine_45/wine_47/wine_48/wine_49/wine_52/wine_65/wine_66/wine_67/wine_68/wine_69/boston_0/boston_5/boston_9/boston_21/boston_22/boston_24/boston_30/boston_46/boston_47/boston_49/boston_65/boston_66/boston_67/boston_68/boston_69/breastcancercoimbra_9/breastcancercoimbra_17/breastcancercoimbra_20/breastcancercoimbra_22/breastcancercoimbra_45/breastcancercoimbra_47/breastcancercoimbra_48/breastcancercoimbra_49/breastcancercoimbra_65/breastcancercoimbra_66/breastcancercoimbra_67/breastcancercoimbra_68/breastcancercoimbra_69/drybean_21/drybean_22/drybean_23/drybean_24/drybean_47/drybean_60/drybean_61/drybean_63/drybean_64/covertype_20/covertype_23/covertype_24/covertype_35/covertype_44/covertype_60/covertype_61/covertype_62/covertype_63/covertype_64/extyaleb_0/extyaleb_2/extyaleb_4/extyaleb_5/extyaleb_6/extyaleb_7/extyaleb_8/extyaleb_9/extyaleb_15/extyaleb_25/extyaleb_28/extyaleb_34/extyaleb_39/extyaleb_45/extyaleb_46/extyaleb_48/extyaleb_49/extyaleb_55/extyaleb_56/extyaleb_57/extyaleb_58/extyaleb_59/extyaleb_60/extyaleb_61/extyaleb_62/extyaleb_63/extyaleb_64/extyaleb_65/extyaleb_66/extyaleb_67/extyaleb_68/extyaleb_69/housing_13/housing_21/housing_23/olive_49/olive_65/olive_66/olive_67/olive_69/world12d_16/world12d_20/world12d_21/world12d_25/world12d_65/world12d_66/world12d_67/world12d_68/world12d_69/breastcancerwisconsinprognostic_8/breastcancerwisconsinprognostic_23/breastcancerwisconsinprognostic_24/weather_45/weather_46/weather_47/weather_48/weather_49/wine_20/wine_21/wine_22/wine_23/wine_24/wine_45/wine_47/wine_48/wine_49/wine_52/wine_65/wine_66/wine_67/wine_68/wine_69/boston_0/boston_5/boston_9/boston_21/boston_22/boston_24/boston_30/boston_46/boston_47/boston_49/boston_65/boston_66/boston_67/boston_68/boston_69/breastcancercoimbra_9/breastcancercoimbra_17/breastcancercoimbra_20/breastcancercoimbra_22/breastcancercoimbra_45/breastcancercoimbra_47/breastcancercoimbra_48/breastcancercoimbra_49/breastcancercoimbra_65/breastcancercoimbra_66/breastcancercoimbra_67/breastcancercoimbra_68/breastcancercoimbra_69/drybean_21/drybean_22/drybean_23/drybean_24/drybean_47/drybean_60/drybean_61/drybean_63/drybean_64/covertype_20/covertype_23/covertype_24/covertype_35/covertype_44/covertype_60/covertype_61/covertype_62/covertype_63/covertype_64/extyaleb_0/extyaleb_2/extyaleb_4/extyaleb_5/extyaleb_6/extyaleb_7/extyaleb_8/extyaleb_9/extyaleb_15/extyaleb_25/extyaleb_28/extyaleb_34/extyaleb_39/extyaleb_45/extyaleb_46/extyaleb_48/extyaleb_49/extyaleb_55/extyaleb_56/extyaleb_57/extyaleb_58/extyaleb_59/extyaleb_60/extyaleb_61/extyaleb_62/extyaleb_63/extyaleb_64/extyaleb_65/extyaleb_66/extyaleb_67/extyaleb_68/extyaleb_69/housing_13/housing_21/housing_23/olive_49/olive_65/olive_66/olive_67/olive_69/,595
True,True,False,True,True,world12d_18/breastcancerwisconsinprognostic_32/breastcancerwisconsinprognostic_33/weather_0/weather_3/weather_6/weather_9/weather_10/weather_11/weather_12/weather_13/weather_14/weather_15/weather_16/weather_17/weather_18/weather_27/weather_30/weather_32/weather_34/weather_55/weather_56/weather_57/weather_58/weather_59/weather_60/weather_61/weather_62/weather_63/weather_64/housing_31/housing_55/housing_56/housing_57/housing_58/housing_59/housing_60/housing_61/housing_62/housing_63/housing_64/world12d_18/breastcancerwisconsinprognostic_32/breastcancerwisconsinprognostic_33/weather_0/weather_3/weather_6/weather_9/weather_10/weather_11/weather_12/weather_13/weather_14/weather_15/weather_16/weather_17/weather_18/weather_27/weather_30/weather_32/weather_34/weather_55/weather_56/weather_57/weather_58/weather_59/weather_60/weather_61/weather_62/weather_63/weather_64/housing_31/housing_55/housing_56/housing_57/housing_58/housing_59/housing_60/housing_61/housing_62/housing_63/housing_64/world12d_18/breastcancerwisconsinprognostic_32/breastcancerwisconsinprognostic_33/weather_0/weather_3/weather_6/weather_9/weather_10/weather_11/weather_12/weather_13/weather_14/weather_15/weather_16/weather_17/weather_18/weather_27/weather_30/weather_32/weather_34/weather_55/weather_56/weather_57/weather_58/weather_59/weather_60/weather_61/weather_62/weather_63/weather_64/housing_31/housing_55/housing_56/housing_57/housing_58/housing_59/housing_60/housing_61/housing_62/housing_63/housing_64/world12d_18/breastcancerwisconsinprognostic_32/breastcancerwisconsinprognostic_33/weather_0/weather_3/weather_6/weather_9/weather_10/weather_11/weather_12/weather_13/weather_14/weather_15/weather_16/weather_17/weather_18/weather_27/weather_30/weather_32/weather_34/weather_55/weather_56/weather_57/weather_58/weather_59/weather_60/weather_61/weather_62/weather_63/weather_64/housing_31/housing_55/housing_56/housing_57/housing_58/housing_59/housing_60/housing_61/housing_62/housing_63/housing_64/world12d_18/breastcancerwisconsinprognostic_32/breastcancerwisconsinprognostic_33/weather_0/weather_3/weather_6/weather_9/weather_10/weather_11/weather_12/weather_13/weather_14/weather_15/weather_16/weather_17/weather_18/weather_27/weather_30/weather_32/weather_34/weather_55/weather_56/weather_57/weather_58/weather_59/weather_60/weather_61/weather_62/weather_63/weather_64/housing_31/housing_55/housing_56/housing_57/housing_58/housing_59/housing_60/housing_61/housing_62/housing_63/housing_64/,205
True,True,False,True,False,breastcancerwisconsinprognostic_30/breastcancerwisconsinprognostic_31/weather_51/breastcancerwisconsinprognostic_30/breastcancerwisconsinprognostic_31/weather_51/breastcancerwisconsinprognostic_30/breastcancerwisconsinprognostic_31/weather_51/breastcancerwisconsinprognostic_30/breastcancerwisconsinprognostic_31/weather_51/breastcancerwisconsinprognostic_30/breastcancerwisconsinprognostic_31/weather_51/,15
True,True,False,False,True,,0
True,True,False,False,False,world12d_24/weather_20/weather_21/weather_22/weather_23/weather_24/weather_31/weather_35/weather_36/weather_37/weather_38/weather_39/weather_40/weather_41/weather_42/weather_43/weather_44/weather_50/weather_52/weather_53/weather_54/weather_65/weather_66/weather_67/weather_68/weather_69/wine_44/boston_35/breastcancercoimbra_23/breastcancercoimbra_29/covertype_47/extyaleb_20/extyaleb_23/extyaleb_24/extyaleb_40/extyaleb_50/extyaleb_51/extyaleb_52/extyaleb_53/extyaleb_54/olive_20/olive_21/olive_22/olive_24/olive_50/world12d_24/weather_20/weather_21/weather_22/weather_23/weather_24/weather_31/weather_35/weather_36/weather_37/weather_38/weather_39/weather_40/weather_41/weather_42/weather_43/weather_44/weather_50/weather_52/weather_53/weather_54/weather_65/weather_66/weather_67/weather_68/weather_69/wine_44/boston_35/breastcancercoimbra_23/breastcancercoimbra_29/covertype_47/extyaleb_20/extyaleb_23/extyaleb_24/extyaleb_40/extyaleb_50/extyaleb_51/extyaleb_52/extyaleb_53/extyaleb_54/olive_20/olive_21/olive_22/olive_24/olive_50/world12d_24/weather_20/weather_21/weather_22/weather_23/weather_24/weather_31/weather_35/weather_36/weather_37/weather_38/weather_39/weather_40/weather_41/weather_42/weather_43/weather_44/weather_50/weather_52/weather_53/weather_54/weather_65/weather_66/weather_67/weather_68/weather_69/wine_44/boston_35/breastcancercoimbra_23/breastcancercoimbra_29/covertype_47/extyaleb_20/extyaleb_23/extyaleb_24/extyaleb_40/extyaleb_50/extyaleb_51/extyaleb_52/extyaleb_53/extyaleb_54/olive_20/olive_21/olive_22/olive_24/olive_50/world12d_24/weather_20/weather_21/weather_22/weather_23/weather_24/weather_31/weather_35/weather_36/weather_37/weather_38/weather_39/weather_40/weather_41/weather_42/weather_43/weather_44/weather_50/weather_52/weather_53/weather_54/weather_65/weather_66/weather_67/weather_68/weather_69/wine_44/boston_35/breastcancercoimbra_23/breastcancercoimbra_29/covertype_47/extyaleb_20/extyaleb_23/extyaleb_24/extyaleb_40/extyaleb_50/extyaleb_51/extyaleb_52/extyaleb_53/extyaleb_54/olive_20/olive_21/olive_22/olive_24/olive_50/world12d_24/weather_20/weather_21/weather_22/weather_23/weather_24/weather_31/weather_35/weather_36/weather_37/weather_38/weather_39/weather_40/weather_41/weather_42/weather_43/weather_44/weather_50/weather_52/weather_53/weather_54/weather_65/weather_66/weather_67/weather_68/weather_69/wine_44/boston_35/breastcancercoimbra_23/breastcancercoimbra_29/covertype_47/extyaleb_20/extyaleb_23/extyaleb_24/extyaleb_40/extyaleb_50/extyaleb_51/extyaleb_52/extyaleb_53/extyaleb_54/olive_20/olive_21/olive_22/olive_24/olive_50/,225
True,False,True,True,True,breastcancerwisconsinprognostic_3/breastcancerwisconsinprognostic_4/breastcancerwisconsinprognostic_5/breastcancerwisconsinprognostic_7/breastcancerwisconsinprognostic_9/breastcancerwisconsinprognostic_12/breastcancerwisconsinprognostic_17/breastcancerwisconsinprognostic_18/breastcancerwisconsinprognostic_19/breastcancerwisconsinprognostic_25/breastcancerwisconsinprognostic_26/breastcancerwisconsinprognostic_27/breastcancerwisconsinprognostic_28/breastcancerwisconsinprognostic_29/breastcancerwisconsinprognostic_34/wine_1/wine_2/wine_3/wine_4/wine_5/wine_6/wine_10/wine_11/wine_12/wine_13/wine_14/wine_15/wine_16/wine_18/wine_19/wine_25/wine_27/wine_28/wine_29/wine_31/wine_32/wine_33/wine_34/boston_1/boston_2/boston_3/boston_4/boston_6/boston_7/boston_10/boston_11/boston_12/boston_13/boston_14/boston_15/boston_16/boston_17/boston_18/boston_19/boston_26/boston_28/boston_29/boston_31/boston_32/boston_33/boston_34/boston_45/breastcancercoimbra_6/breastcancercoimbra_10/breastcancercoimbra_11/breastcancercoimbra_12/breastcancercoimbra_14/breastcancercoimbra_15/breastcancercoimbra_16/breastcancercoimbra_19/breastcancercoimbra_25/breastcancercoimbra_26/breastcancercoimbra_27/breastcancercoimbra_28/breastcancercoimbra_30/breastcancercoimbra_31/breastcancercoimbra_32/breastcancercoimbra_34/drybean_2/drybean_5/drybean_26/drybean_27/drybean_32/drybean_33/drybean_34/housing_0/housing_1/housing_2/housing_4/housing_5/housing_6/housing_8/housing_9/housing_12/housing_17/housing_25/housing_26/housing_27/housing_28/housing_29/housing_30/housing_32/housing_33/housing_34/housing_45/housing_48/olive_0/olive_1/olive_2/olive_3/olive_4/olive_6/olive_7/olive_8/olive_10/olive_11/olive_12/olive_13/olive_14/olive_15/olive_16/olive_17/olive_18/olive_19/olive_25/olive_27/olive_28/olive_29/olive_30/olive_31/olive_32/olive_34/breastcancerwisconsinprognostic_3/breastcancerwisconsinprognostic_4/breastcancerwisconsinprognostic_5/breastcancerwisconsinprognostic_7/breastcancerwisconsinprognostic_9/breastcancerwisconsinprognostic_12/breastcancerwisconsinprognostic_17/breastcancerwisconsinprognostic_18/breastcancerwisconsinprognostic_19/breastcancerwisconsinprognostic_25/breastcancerwisconsinprognostic_26/breastcancerwisconsinprognostic_27/breastcancerwisconsinprognostic_28/breastcancerwisconsinprognostic_29/breastcancerwisconsinprognostic_34/wine_1/wine_2/wine_3/wine_4/wine_5/wine_6/wine_10/wine_11/wine_12/wine_13/wine_14/wine_15/wine_16/wine_18/wine_19/wine_25/wine_27/wine_28/wine_29/wine_31/wine_32/wine_33/wine_34/boston_1/boston_2/boston_3/boston_4/boston_6/boston_7/boston_10/boston_11/boston_12/boston_13/boston_14/boston_15/boston_16/boston_17/boston_18/boston_19/boston_26/boston_28/boston_29/boston_31/boston_32/boston_33/boston_34/boston_45/breastcancercoimbra_6/breastcancercoimbra_10/breastcancercoimbra_11/breastcancercoimbra_12/breastcancercoimbra_14/breastcancercoimbra_15/breastcancercoimbra_16/breastcancercoimbra_19/breastcancercoimbra_25/breastcancercoimbra_26/breastcancercoimbra_27/breastcancercoimbra_28/breastcancercoimbra_30/breastcancercoimbra_31/breastcancercoimbra_32/breastcancercoimbra_34/drybean_2/drybean_5/drybean_26/drybean_27/drybean_32/drybean_33/drybean_34/housing_0/housing_1/housing_2/housing_4/housing_5/housing_6/housing_8/housing_9/housing_12/housing_17/housing_25/housing_26/housing_27/housing_28/housing_29/housing_30/housing_32/housing_33/housing_34/housing_45/housing_48/olive_0/olive_1/olive_2/olive_3/olive_4/olive_6/olive_7/olive_8/olive_10/olive_11/olive_12/olive_13/olive_14/olive_15/olive_16/olive_17/olive_18/olive_19/olive_25/olive_27/olive_28/olive_29/olive_30/olive_31/olive_32/olive_34/breastcancerwisconsinprognostic_3/breastcancerwisconsinprognostic_4/breastcancerwisconsinprognostic_5/breastcancerwisconsinprognostic_7/breastcancerwisconsinprognostic_9/breastcancerwisconsinprognostic_12/breastcancerwisconsinprognostic_17/breastcancerwisconsinprognostic_18/breastcancerwisconsinprognostic_19/breastcancerwisconsinprognostic_25/breastcancerwisconsinprognostic_26/breastcancerwisconsinprognostic_27/breastcancerwisconsinprognostic_28/breastcancerwisconsinprognostic_29/breastcancerwisconsinprognostic_34/wine_1/wine_2/wine_3/wine_4/wine_5/wine_6/wine_10/wine_11/wine_12/wine_13/wine_14/wine_15/wine_16/wine_18/wine_19/wine_25/wine_27/wine_28/wine_29/wine_31/wine_32/wine_33/wine_34/boston_1/boston_2/boston_3/boston_4/boston_6/boston_7/boston_10/boston_11/boston_12/boston_13/boston_14/boston_15/boston_16/boston_17/boston_18/boston_19/boston_26/boston_28/boston_29/boston_31/boston_32/boston_33/boston_34/boston_45/breastcancercoimbra_6/breastcancercoimbra_10/breastcancercoimbra_11/breastcancercoimbra_12/breastcancercoimbra_14/breastcancercoimbra_15/breastcancercoimbra_16/breastcancercoimbra_19/breastcancercoimbra_25/breastcancercoimbra_26/breastcancercoimbra_27/breastcancercoimbra_28/breastcancercoimbra_30/breastcancercoimbra_31/breastcancercoimbra_32/breastcancercoimbra_34/drybean_2/drybean_5/drybean_26/drybean_27/drybean_32/drybean_33/drybean_34/housing_0/housing_1/housing_2/housing_4/housing_5/housing_6/housing_8/housing_9/housing_12/housing_17/housing_25/housing_26/housing_27/housing_28/housing_29/housing_30/housing_32/housing_33/housing_34/housing_45/housing_48/olive_0/olive_1/olive_2/olive_3/olive_4/olive_6/olive_7/olive_8/olive_10/olive_11/olive_12/olive_13/olive_14/olive_15/olive_16/olive_17/olive_18/olive_19/olive_25/olive_27/olive_28/olive_29/olive_30/olive_31/olive_32/olive_34/breastcancerwisconsinprognostic_3/breastcancerwisconsinprognostic_4/breastcancerwisconsinprognostic_5/breastcancerwisconsinprognostic_7/breastcancerwisconsinprognostic_9/breastcancerwisconsinprognostic_12/breastcancerwisconsinprognostic_17/breastcancerwisconsinprognostic_18/breastcancerwisconsinprognostic_19/breastcancerwisconsinprognostic_25/breastcancerwisconsinprognostic_26/breastcancerwisconsinprognostic_27/breastcancerwisconsinprognostic_28/breastcancerwisconsinprognostic_29/breastcancerwisconsinprognostic_34/wine_1/wine_2/wine_3/wine_4/wine_5/wine_6/wine_10/wine_11/wine_12/wine_13/wine_14/wine_15/wine_16/wine_18/wine_19/wine_25/wine_27/wine_28/wine_29/wine_31/wine_32/wine_33/wine_34/boston_1/boston_2/boston_3/boston_4/boston_6/boston_7/boston_10/boston_11/boston_12/boston_13/boston_14/boston_15/boston_16/boston_17/boston_18/boston_19/boston_26/boston_28/boston_29/boston_31/boston_32/boston_33/boston_34/boston_45/breastcancercoimbra_6/breastcancercoimbra_10/breastcancercoimbra_11/breastcancercoimbra_12/breastcancercoimbra_14/breastcancercoimbra_15/breastcancercoimbra_16/breastcancercoimbra_19/breastcancercoimbra_25/breastcancercoimbra_26/breastcancercoimbra_27/breastcancercoimbra_28/breastcancercoimbra_30/breastcancercoimbra_31/breastcancercoimbra_32/breastcancercoimbra_34/drybean_2/drybean_5/drybean_26/drybean_27/drybean_32/drybean_33/drybean_34/housing_0/housing_1/housing_2/housing_4/housing_5/housing_6/housing_8/housing_9/housing_12/housing_17/housing_25/housing_26/housing_27/housing_28/housing_29/housing_30/housing_32/housing_33/housing_34/housing_45/housing_48/olive_0/olive_1/olive_2/olive_3/olive_4/olive_6/olive_7/olive_8/olive_10/olive_11/olive_12/olive_13/olive_14/olive_15/olive_16/olive_17/olive_18/olive_19/olive_25/olive_27/olive_28/olive_29/olive_30/olive_31/olive_32/olive_34/breastcancerwisconsinprognostic_3/breastcancerwisconsinprognostic_4/breastcancerwisconsinprognostic_5/breastcancerwisconsinprognostic_7/breastcancerwisconsinprognostic_9/breastcancerwisconsinprognostic_12/breastcancerwisconsinprognostic_17/breastcancerwisconsinprognostic_18/breastcancerwisconsinprognostic_19/breastcancerwisconsinprognostic_25/breastcancerwisconsinprognostic_26/breastcancerwisconsinprognostic_27/breastcancerwisconsinprognostic_28/breastcancerwisconsinprognostic_29/breastcancerwisconsinprognostic_34/wine_1/wine_2/wine_3/wine_4/wine_5/wine_6/wine_10/wine_11/wine_12/wine_13/wine_14/wine_15/wine_16/wine_18/wine_19/wine_25/wine_27/wine_28/wine_29/wine_31/wine_32/wine_33/wine_34/boston_1/boston_2/boston_3/boston_4/boston_6/boston_7/boston_10/boston_11/boston_12/boston_13/boston_14/boston_15/boston_16/boston_17/boston_18/boston_19/boston_26/boston_28/boston_29/boston_31/boston_32/boston_33/boston_34/boston_45/breastcancercoimbra_6/breastcancercoimbra_10/breastcancercoimbra_11/breastcancercoimbra_12/breastcancercoimbra_14/breastcancercoimbra_15/breastcancercoimbra_16/breastcancercoimbra_19/breastcancercoimbra_25/breastcancercoimbra_26/breastcancercoimbra_27/breastcancercoimbra_28/breastcancercoimbra_30/breastcancercoimbra_31/breastcancercoimbra_32/breastcancercoimbra_34/drybean_2/drybean_5/drybean_26/drybean_27/drybean_32/drybean_33/drybean_34/housing_0/housing_1/housing_2/housing_4/housing_5/housing_6/housing_8/housing_9/housing_12/housing_17/housing_25/housing_26/housing_27/housing_28/housing_29/housing_30/housing_32/housing_33/housing_34/housing_45/housing_48/olive_0/olive_1/olive_2/olive_3/olive_4/olive_6/olive_7/olive_8/olive_10/olive_11/olive_12/olive_13/olive_14/olive_15/olive_16/olive_17/olive_18/olive_19/olive_25/olive_27/olive_28/olive_29/olive_30/olive_31/olive_32/olive_34/,660
True,False,True,True,False,breastcancerwisconsinprognostic_10/breastcancerwisconsinprognostic_13/breastcancerwisconsinprognostic_14/drybean_10/drybean_12/drybean_17/covertype_4/covertype_5/covertype_9/covertype_10/covertype_11/covertype_12/covertype_13/covertype_15/covertype_16/covertype_17/covertype_18/covertype_19/covertype_40/covertype_42/covertype_43/extyaleb_26/extyaleb_27/extyaleb_31/extyaleb_32/extyaleb_33/housing_46/housing_49/olive_45/olive_46/olive_48/breastcancerwisconsinprognostic_10/breastcancerwisconsinprognostic_13/breastcancerwisconsinprognostic_14/drybean_10/drybean_12/drybean_17/covertype_4/covertype_5/covertype_9/covertype_10/covertype_11/covertype_12/covertype_13/covertype_15/covertype_16/covertype_17/covertype_18/covertype_19/covertype_40/covertype_42/covertype_43/extyaleb_26/extyaleb_27/extyaleb_31/extyaleb_32/extyaleb_33/housing_46/housing_49/olive_45/olive_46/olive_48/breastcancerwisconsinprognostic_10/breastcancerwisconsinprognostic_13/breastcancerwisconsinprognostic_14/drybean_10/drybean_12/drybean_17/covertype_4/covertype_5/covertype_9/covertype_10/covertype_11/covertype_12/covertype_13/covertype_15/covertype_16/covertype_17/covertype_18/covertype_19/covertype_40/covertype_42/covertype_43/extyaleb_26/extyaleb_27/extyaleb_31/extyaleb_32/extyaleb_33/housing_46/housing_49/olive_45/olive_46/olive_48/breastcancerwisconsinprognostic_10/breastcancerwisconsinprognostic_13/breastcancerwisconsinprognostic_14/drybean_10/drybean_12/drybean_17/covertype_4/covertype_5/covertype_9/covertype_10/covertype_11/covertype_12/covertype_13/covertype_15/covertype_16/covertype_17/covertype_18/covertype_19/covertype_40/covertype_42/covertype_43/extyaleb_26/extyaleb_27/extyaleb_31/extyaleb_32/extyaleb_33/housing_46/housing_49/olive_45/olive_46/olive_48/breastcancerwisconsinprognostic_10/breastcancerwisconsinprognostic_13/breastcancerwisconsinprognostic_14/drybean_10/drybean_12/drybean_17/covertype_4/covertype_5/covertype_9/covertype_10/covertype_11/covertype_12/covertype_13/covertype_15/covertype_16/covertype_17/covertype_18/covertype_19/covertype_40/covertype_42/covertype_43/extyaleb_26/extyaleb_27/extyaleb_31/extyaleb_32/extyaleb_33/housing_46/housing_49/olive_45/olive_46/olive_48/,155
True,False,True,False,True,world12d_7/breastcancercoimbra_2/world12d_7/breastcancercoimbra_2/world12d_7/breastcancercoimbra_2/world12d_7/breastcancercoimbra_2/world12d_7/breastcancercoimbra_2/,10
True,False,True,False,False,world12d_45/world12d_46/world12d_47/world12d_48/world12d_49/breastcancerwisconsinprognostic_45/breastcancerwisconsinprognostic_46/breastcancerwisconsinprognostic_47/breastcancerwisconsinprognostic_48/breastcancerwisconsinprognostic_49/breastcancerwisconsinprognostic_65/breastcancerwisconsinprognostic_66/breastcancerwisconsinprognostic_67/breastcancerwisconsinprognostic_68/breastcancerwisconsinprognostic_69/boston_48/drybean_20/drybean_62/covertype_41/extyaleb_10/extyaleb_11/extyaleb_12/extyaleb_14/extyaleb_16/extyaleb_17/extyaleb_18/extyaleb_19/extyaleb_47/housing_22/olive_47/olive_68/world12d_45/world12d_46/world12d_47/world12d_48/world12d_49/breastcancerwisconsinprognostic_45/breastcancerwisconsinprognostic_46/breastcancerwisconsinprognostic_47/breastcancerwisconsinprognostic_48/breastcancerwisconsinprognostic_49/breastcancerwisconsinprognostic_65/breastcancerwisconsinprognostic_66/breastcancerwisconsinprognostic_67/breastcancerwisconsinprognostic_68/breastcancerwisconsinprognostic_69/boston_48/drybean_20/drybean_62/covertype_41/extyaleb_10/extyaleb_11/extyaleb_12/extyaleb_14/extyaleb_16/extyaleb_17/extyaleb_18/extyaleb_19/extyaleb_47/housing_22/olive_47/olive_68/world12d_45/world12d_46/world12d_47/world12d_48/world12d_49/breastcancerwisconsinprognostic_45/breastcancerwisconsinprognostic_46/breastcancerwisconsinprognostic_47/breastcancerwisconsinprognostic_48/breastcancerwisconsinprognostic_49/breastcancerwisconsinprognostic_65/breastcancerwisconsinprognostic_66/breastcancerwisconsinprognostic_67/breastcancerwisconsinprognostic_68/breastcancerwisconsinprognostic_69/boston_48/drybean_20/drybean_62/covertype_41/extyaleb_10/extyaleb_11/extyaleb_12/extyaleb_14/extyaleb_16/extyaleb_17/extyaleb_18/extyaleb_19/extyaleb_47/housing_22/olive_47/olive_68/world12d_45/world12d_46/world12d_47/world12d_48/world12d_49/breastcancerwisconsinprognostic_45/breastcancerwisconsinprognostic_46/breastcancerwisconsinprognostic_47/breastcancerwisconsinprognostic_48/breastcancerwisconsinprognostic_49/breastcancerwisconsinprognostic_65/breastcancerwisconsinprognostic_66/breastcancerwisconsinprognostic_67/breastcancerwisconsinprognostic_68/breastcancerwisconsinprognostic_69/boston_48/drybean_20/drybean_62/covertype_41/extyaleb_10/extyaleb_11/extyaleb_12/extyaleb_14/extyaleb_16/extyaleb_17/extyaleb_18/extyaleb_19/extyaleb_47/housing_22/olive_47/olive_68/world12d_45/world12d_46/world12d_47/world12d_48/world12d_49/breastcancerwisconsinprognostic_45/breastcancerwisconsinprognostic_46/breastcancerwisconsinprognostic_47/breastcancerwisconsinprognostic_48/breastcancerwisconsinprognostic_49/breastcancerwisconsinprognostic_65/breastcancerwisconsinprognostic_66/breastcancerwisconsinprognostic_67/breastcancerwisconsinprognostic_68/breastcancerwisconsinprognostic_69/boston_48/drybean_20/drybean_62/covertype_41/extyaleb_10/extyaleb_11/extyaleb_12/extyaleb_14/extyaleb_16/extyaleb_17/extyaleb_18/extyaleb_19/extyaleb_47/housing_22/olive_47/olive_68/,155
True,False,False,True,True,world12d_26/world12d_27/world12d_30/breastcancerwisconsinprognostic_54/breastcancerwisconsinprognostic_61/breastcancerwisconsinprognostic_62/breastcancerwisconsinprognostic_64/weather_4/weather_25/wine_26/wine_30/wine_53/wine_55/wine_58/wine_59/wine_61/wine_62/wine_63/boston_25/boston_27/boston_51/boston_53/boston_55/boston_56/boston_58/boston_59/boston_60/boston_61/boston_63/boston_64/breastcancercoimbra_33/breastcancercoimbra_55/breastcancercoimbra_56/breastcancercoimbra_57/breastcancercoimbra_58/breastcancercoimbra_59/breastcancercoimbra_60/breastcancercoimbra_61/breastcancercoimbra_62/breastcancercoimbra_63/breastcancercoimbra_64/drybean_35/drybean_36/drybean_37/drybean_38/drybean_39/drybean_40/drybean_41/drybean_42/drybean_43/drybean_44/housing_51/world12d_26/world12d_27/world12d_30/breastcancerwisconsinprognostic_54/breastcancerwisconsinprognostic_61/breastcancerwisconsinprognostic_62/breastcancerwisconsinprognostic_64/weather_4/weather_25/wine_26/wine_30/wine_53/wine_55/wine_58/wine_59/wine_61/wine_62/wine_63/boston_25/boston_27/boston_51/boston_53/boston_55/boston_56/boston_58/boston_59/boston_60/boston_61/boston_63/boston_64/breastcancercoimbra_33/breastcancercoimbra_55/breastcancercoimbra_56/breastcancercoimbra_57/breastcancercoimbra_58/breastcancercoimbra_59/breastcancercoimbra_60/breastcancercoimbra_61/breastcancercoimbra_62/breastcancercoimbra_63/breastcancercoimbra_64/drybean_35/drybean_36/drybean_37/drybean_38/drybean_39/drybean_40/drybean_41/drybean_42/drybean_43/drybean_44/housing_51/world12d_26/world12d_27/world12d_30/breastcancerwisconsinprognostic_54/breastcancerwisconsinprognostic_61/breastcancerwisconsinprognostic_62/breastcancerwisconsinprognostic_64/weather_4/weather_25/wine_26/wine_30/wine_53/wine_55/wine_58/wine_59/wine_61/wine_62/wine_63/boston_25/boston_27/boston_51/boston_53/boston_55/boston_56/boston_58/boston_59/boston_60/boston_61/boston_63/boston_64/breastcancercoimbra_33/breastcancercoimbra_55/breastcancercoimbra_56/breastcancercoimbra_57/breastcancercoimbra_58/breastcancercoimbra_59/breastcancercoimbra_60/breastcancercoimbra_61/breastcancercoimbra_62/breastcancercoimbra_63/breastcancercoimbra_64/drybean_35/drybean_36/drybean_37/drybean_38/drybean_39/drybean_40/drybean_41/drybean_42/drybean_43/drybean_44/housing_51/world12d_26/world12d_27/world12d_30/breastcancerwisconsinprognostic_54/breastcancerwisconsinprognostic_61/breastcancerwisconsinprognostic_62/breastcancerwisconsinprognostic_64/weather_4/weather_25/wine_26/wine_30/wine_53/wine_55/wine_58/wine_59/wine_61/wine_62/wine_63/boston_25/boston_27/boston_51/boston_53/boston_55/boston_56/boston_58/boston_59/boston_60/boston_61/boston_63/boston_64/breastcancercoimbra_33/breastcancercoimbra_55/breastcancercoimbra_56/breastcancercoimbra_57/breastcancercoimbra_58/breastcancercoimbra_59/breastcancercoimbra_60/breastcancercoimbra_61/breastcancercoimbra_62/breastcancercoimbra_63/breastcancercoimbra_64/drybean_35/drybean_36/drybean_37/drybean_38/drybean_39/drybean_40/drybean_41/drybean_42/drybean_43/drybean_44/housing_51/world12d_26/world12d_27/world12d_30/breastcancerwisconsinprognostic_54/breastcancerwisconsinprognostic_61/breastcancerwisconsinprognostic_62/breastcancerwisconsinprognostic_64/weather_4/weather_25/wine_26/wine_30/wine_53/wine_55/wine_58/wine_59/wine_61/wine_62/wine_63/boston_25/boston_27/boston_51/boston_53/boston_55/boston_56/boston_58/boston_59/boston_60/boston_61/boston_63/boston_64/breastcancercoimbra_33/breastcancercoimbra_55/breastcancercoimbra_56/breastcancercoimbra_57/breastcancercoimbra_58/breastcancercoimbra_59/breastcancercoimbra_60/breastcancercoimbra_61/breastcancercoimbra_62/breastcancercoimbra_63/breastcancercoimbra_64/drybean_35/drybean_36/drybean_37/drybean_38/drybean_39/drybean_40/drybean_41/drybean_42/drybean_43/drybean_44/housing_51/,260
True,False,False,True,False,breastcancerwisconsinprognostic_20/breastcancerwisconsinprognostic_51/breastcancerwisconsinprognostic_52/breastcancerwisconsinprognostic_53/breastcancerwisconsinprognostic_55/breastcancerwisconsinprognostic_56/breastcancerwisconsinprognostic_57/breastcancerwisconsinprognostic_58/breastcancerwisconsinprognostic_59/breastcancerwisconsinprognostic_60/breastcancerwisconsinprognostic_63/wine_51/boston_50/boston_52/covertype_22/covertype_36/covertype_37/covertype_38/covertype_39/covertype_50/covertype_51/covertype_52/covertype_53/covertype_54/covertype_55/covertype_56/covertype_57/covertype_58/covertype_59/housing_50/housing_52/housing_54/olive_26/olive_33/olive_55/olive_56/olive_57/olive_58/olive_59/olive_60/olive_61/olive_62/olive_63/olive_64/breastcancerwisconsinprognostic_20/breastcancerwisconsinprognostic_51/breastcancerwisconsinprognostic_52/breastcancerwisconsinprognostic_53/breastcancerwisconsinprognostic_55/breastcancerwisconsinprognostic_56/breastcancerwisconsinprognostic_57/breastcancerwisconsinprognostic_58/breastcancerwisconsinprognostic_59/breastcancerwisconsinprognostic_60/breastcancerwisconsinprognostic_63/wine_51/boston_50/boston_52/covertype_22/covertype_36/covertype_37/covertype_38/covertype_39/covertype_50/covertype_51/covertype_52/covertype_53/covertype_54/covertype_55/covertype_56/covertype_57/covertype_58/covertype_59/housing_50/housing_52/housing_54/olive_26/olive_33/olive_55/olive_56/olive_57/olive_58/olive_59/olive_60/olive_61/olive_62/olive_63/olive_64/breastcancerwisconsinprognostic_20/breastcancerwisconsinprognostic_51/breastcancerwisconsinprognostic_52/breastcancerwisconsinprognostic_53/breastcancerwisconsinprognostic_55/breastcancerwisconsinprognostic_56/breastcancerwisconsinprognostic_57/breastcancerwisconsinprognostic_58/breastcancerwisconsinprognostic_59/breastcancerwisconsinprognostic_60/breastcancerwisconsinprognostic_63/wine_51/boston_50/boston_52/covertype_22/covertype_36/covertype_37/covertype_38/covertype_39/covertype_50/covertype_51/covertype_52/covertype_53/covertype_54/covertype_55/covertype_56/covertype_57/covertype_58/covertype_59/housing_50/housing_52/housing_54/olive_26/olive_33/olive_55/olive_56/olive_57/olive_58/olive_59/olive_60/olive_61/olive_62/olive_63/olive_64/breastcancerwisconsinprognostic_20/breastcancerwisconsinprognostic_51/breastcancerwisconsinprognostic_52/breastcancerwisconsinprognostic_53/breastcancerwisconsinprognostic_55/breastcancerwisconsinprognostic_56/breastcancerwisconsinprognostic_57/breastcancerwisconsinprognostic_58/breastcancerwisconsinprognostic_59/breastcancerwisconsinprognostic_60/breastcancerwisconsinprognostic_63/wine_51/boston_50/boston_52/covertype_22/covertype_36/covertype_37/covertype_38/covertype_39/covertype_50/covertype_51/covertype_52/covertype_53/covertype_54/covertype_55/covertype_56/covertype_57/covertype_58/covertype_59/housing_50/housing_52/housing_54/olive_26/olive_33/olive_55/olive_56/olive_57/olive_58/olive_59/olive_60/olive_61/olive_62/olive_63/olive_64/breastcancerwisconsinprognostic_20/breastcancerwisconsinprognostic_51/breastcancerwisconsinprognostic_52/breastcancerwisconsinprognostic_53/breastcancerwisconsinprognostic_55/breastcancerwisconsinprognostic_56/breastcancerwisconsinprognostic_57/breastcancerwisconsinprognostic_58/breastcancerwisconsinprognostic_59/breastcancerwisconsinprognostic_60/breastcancerwisconsinprognostic_63/wine_51/boston_50/boston_52/covertype_22/covertype_36/covertype_37/covertype_38/covertype_39/covertype_50/covertype_51/covertype_52/covertype_53/covertype_54/covertype_55/covertype_56/covertype_57/covertype_58/covertype_59/housing_50/housing_52/housing_54/olive_26/olive_33/olive_55/olive_56/olive_57/olive_58/olive_59/olive_60/olive_61/olive_62/olive_63/olive_64/,220
True,False,False,False,True,world12d_31/world12d_33/world12d_31/world12d_33/world12d_31/world12d_33/world12d_31/world12d_33/world12d_31/world12d_33/,10
True,False,False,False,False,world12d_22/breastcancerwisconsinprognostic_22/breastcancerwisconsinprognostic_50/wine_54/breastcancercoimbra_52/breastcancercoimbra_54/covertype_21/covertype_45/covertype_46/covertype_48/covertype_49/extyaleb_21/extyaleb_22/extyaleb_35/extyaleb_36/extyaleb_37/extyaleb_38/extyaleb_41/extyaleb_42/extyaleb_43/extyaleb_44/housing_53/olive_51/olive_52/olive_53/olive_54/world12d_22/breastcancerwisconsinprognostic_22/breastcancerwisconsinprognostic_50/wine_54/breastcancercoimbra_52/breastcancercoimbra_54/covertype_21/covertype_45/covertype_46/covertype_48/covertype_49/extyaleb_21/extyaleb_22/extyaleb_35/extyaleb_36/extyaleb_37/extyaleb_38/extyaleb_41/extyaleb_42/extyaleb_43/extyaleb_44/housing_53/olive_51/olive_52/olive_53/olive_54/world12d_22/breastcancerwisconsinprognostic_22/breastcancerwisconsinprognostic_50/wine_54/breastcancercoimbra_52/breastcancercoimbra_54/covertype_21/covertype_45/covertype_46/covertype_48/covertype_49/extyaleb_21/extyaleb_22/extyaleb_35/extyaleb_36/extyaleb_37/extyaleb_38/extyaleb_41/extyaleb_42/extyaleb_43/extyaleb_44/housing_53/olive_51/olive_52/olive_53/olive_54/world12d_22/breastcancerwisconsinprognostic_22/breastcancerwisconsinprognostic_50/wine_54/breastcancercoimbra_52/breastcancercoimbra_54/covertype_21/covertype_45/covertype_46/covertype_48/covertype_49/extyaleb_21/extyaleb_22/extyaleb_35/extyaleb_36/extyaleb_37/extyaleb_38/extyaleb_41/extyaleb_42/extyaleb_43/extyaleb_44/housing_53/olive_51/olive_52/olive_53/olive_54/world12d_22/breastcancerwisconsinprognostic_22/breastcancerwisconsinprognostic_50/wine_54/breastcancercoimbra_52/breastcancercoimbra_54/covertype_21/covertype_45/covertype_46/covertype_48/covertype_49/extyaleb_21/extyaleb_22/extyaleb_35/extyaleb_36/extyaleb_37/extyaleb_38/extyaleb_41/extyaleb_42/extyaleb_43/extyaleb_44/housing_53/olive_51/olive_52/olive_53/olive_54/,130
False,True,True,True,True,iris_1/iris_56/iris_57/iris_58/iris_59/iris_60/iris_62/iris_64/ecoli_25/ecoli_26/ecoli_28/ecoli_29/ecoli_30/ecoli_31/ecoli_32/ecoli_33/dermatology_55/dermatology_56/dermatology_57/dermatology_59/dermatology_60/dermatology_63/iris_1/iris_56/iris_57/iris_58/iris_59/iris_60/iris_62/iris_64/ecoli_25/ecoli_26/ecoli_28/ecoli_29/ecoli_30/ecoli_31/ecoli_32/ecoli_33/dermatology_55/dermatology_56/dermatology_57/dermatology_59/dermatology_60/dermatology_63/iris_1/iris_56/iris_57/iris_58/iris_59/iris_60/iris_62/iris_64/ecoli_25/ecoli_26/ecoli_28/ecoli_29/ecoli_30/ecoli_31/ecoli_32/ecoli_33/dermatology_55/dermatology_56/dermatology_57/dermatology_59/dermatology_60/dermatology_63/iris_1/iris_56/iris_57/iris_58/iris_59/iris_60/iris_62/iris_64/ecoli_25/ecoli_26/ecoli_28/ecoli_29/ecoli_30/ecoli_31/ecoli_32/ecoli_33/dermatology_55/dermatology_56/dermatology_57/dermatology_59/dermatology_60/dermatology_63/iris_1/iris_56/iris_57/iris_58/iris_59/iris_60/iris_62/iris_64/ecoli_25/ecoli_26/ecoli_28/ecoli_29/ecoli_30/ecoli_31/ecoli_32/ecoli_33/dermatology_55/dermatology_56/dermatology_57/dermatology_59/dermatology_60/dermatology_63/,110
False,True,True,True,False,,0
False,True,True,False,True,ecoli_6/ecoli_8/ecoli_10/ecoli_14/ecoli_27/ecoli_34/ecoli_55/ecoli_57/ecoli_58/ecoli_59/ecoli_60/ecoli_61/ecoli_62/ecoli_63/echocardiogram_46/glassidentification_18/glassidentification_28/glassidentification_29/glassidentification_33/glassidentification_34/glassidentification_50/glassidentification_51/glassidentification_52/glassidentification_53/glassidentification_54/glassidentification_55/glassidentification_56/glassidentification_57/glassidentification_58/glassidentification_59/hepatitis_0/hepatitis_1/hepatitis_2/hepatitis_3/hepatitis_4/hepatitis_5/hepatitis_7/hepatitis_8/hepatitis_9/hepatitis_25/ecoli_6/ecoli_8/ecoli_10/ecoli_14/ecoli_27/ecoli_34/ecoli_55/ecoli_57/ecoli_58/ecoli_59/ecoli_60/ecoli_61/ecoli_62/ecoli_63/echocardiogram_46/glassidentification_18/glassidentification_28/glassidentification_29/glassidentification_33/glassidentification_34/glassidentification_50/glassidentification_51/glassidentification_52/glassidentification_53/glassidentification_54/glassidentification_55/glassidentification_56/glassidentification_57/glassidentification_58/glassidentification_59/hepatitis_0/hepatitis_1/hepatitis_2/hepatitis_3/hepatitis_4/hepatitis_5/hepatitis_7/hepatitis_8/hepatitis_9/hepatitis_25/ecoli_6/ecoli_8/ecoli_10/ecoli_14/ecoli_27/ecoli_34/ecoli_55/ecoli_57/ecoli_58/ecoli_59/ecoli_60/ecoli_61/ecoli_62/ecoli_63/echocardiogram_46/glassidentification_18/glassidentification_28/glassidentification_29/glassidentification_33/glassidentification_34/glassidentification_50/glassidentification_51/glassidentification_52/glassidentification_53/glassidentification_54/glassidentification_55/glassidentification_56/glassidentification_57/glassidentification_58/glassidentification_59/hepatitis_0/hepatitis_1/hepatitis_2/hepatitis_3/hepatitis_4/hepatitis_5/hepatitis_7/hepatitis_8/hepatitis_9/hepatitis_25/ecoli_6/ecoli_8/ecoli_10/ecoli_14/ecoli_27/ecoli_34/ecoli_55/ecoli_57/ecoli_58/ecoli_59/ecoli_60/ecoli_61/ecoli_62/ecoli_63/echocardiogram_46/glassidentification_18/glassidentification_28/glassidentification_29/glassidentification_33/glassidentification_34/glassidentification_50/glassidentification_51/glassidentification_52/glassidentification_53/glassidentification_54/glassidentification_55/glassidentification_56/glassidentification_57/glassidentification_58/glassidentification_59/hepatitis_0/hepatitis_1/hepatitis_2/hepatitis_3/hepatitis_4/hepatitis_5/hepatitis_7/hepatitis_8/hepatitis_9/hepatitis_25/ecoli_6/ecoli_8/ecoli_10/ecoli_14/ecoli_27/ecoli_34/ecoli_55/ecoli_57/ecoli_58/ecoli_59/ecoli_60/ecoli_61/ecoli_62/ecoli_63/echocardiogram_46/glassidentification_18/glassidentification_28/glassidentification_29/glassidentification_33/glassidentification_34/glassidentification_50/glassidentification_51/glassidentification_52/glassidentification_53/glassidentification_54/glassidentification_55/glassidentification_56/glassidentification_57/glassidentification_58/glassidentification_59/hepatitis_0/hepatitis_1/hepatitis_2/hepatitis_3/hepatitis_4/hepatitis_5/hepatitis_7/hepatitis_8/hepatitis_9/hepatitis_25/,200
False,True,True,False,False,ecoli_0/ecoli_1/ecoli_2/ecoli_3/ecoli_4/ecoli_5/ecoli_7/ecoli_9/ecoli_13/ecoli_18/ecoli_19/ecoli_56/ecoli_64/ecoli_65/ecoli_66/ecoli_67/ecoli_68/ecoli_69/echocardiogram_28/echocardiogram_29/echocardiogram_32/echocardiogram_33/echocardiogram_34/heartdisease_21/heartdisease_45/heartdisease_65/heartdisease_66/heartdisease_67/heartdisease_68/heartdisease_69/glassidentification_0/glassidentification_4/glassidentification_7/glassidentification_8/glassidentification_11/glassidentification_13/glassidentification_16/glassidentification_22/glassidentification_38/glassidentification_39/glassidentification_40/glassidentification_41/glassidentification_43/hepatitis_23/hepatitis_27/hepatitis_33/hepatitis_34/hepatitis_40/hepatitis_42/hepatitis_60/hepatitis_61/hepatitis_62/hepatitis_63/hepatitis_64/dermatology_45/dermatology_46/dermatology_47/dermatology_48/dermatology_49/mnist64_35/mnist64_37/mnist64_38/mnist64_39/mnist64_41/mnist64_45/mnist64_46/mnist64_47/mnist64_48/mnist64_49/ecoli_0/ecoli_1/ecoli_2/ecoli_3/ecoli_4/ecoli_5/ecoli_7/ecoli_9/ecoli_13/ecoli_18/ecoli_19/ecoli_56/ecoli_64/ecoli_65/ecoli_66/ecoli_67/ecoli_68/ecoli_69/echocardiogram_28/echocardiogram_29/echocardiogram_32/echocardiogram_33/echocardiogram_34/heartdisease_21/heartdisease_45/heartdisease_65/heartdisease_66/heartdisease_67/heartdisease_68/heartdisease_69/glassidentification_0/glassidentification_4/glassidentification_7/glassidentification_8/glassidentification_11/glassidentification_13/glassidentification_16/glassidentification_22/glassidentification_38/glassidentification_39/glassidentification_40/glassidentification_41/glassidentification_43/hepatitis_23/hepatitis_27/hepatitis_33/hepatitis_34/hepatitis_40/hepatitis_42/hepatitis_60/hepatitis_61/hepatitis_62/hepatitis_63/hepatitis_64/dermatology_45/dermatology_46/dermatology_47/dermatology_48/dermatology_49/mnist64_35/mnist64_37/mnist64_38/mnist64_39/mnist64_41/mnist64_45/mnist64_46/mnist64_47/mnist64_48/mnist64_49/ecoli_0/ecoli_1/ecoli_2/ecoli_3/ecoli_4/ecoli_5/ecoli_7/ecoli_9/ecoli_13/ecoli_18/ecoli_19/ecoli_56/ecoli_64/ecoli_65/ecoli_66/ecoli_67/ecoli_68/ecoli_69/echocardiogram_28/echocardiogram_29/echocardiogram_32/echocardiogram_33/echocardiogram_34/heartdisease_21/heartdisease_45/heartdisease_65/heartdisease_66/heartdisease_67/heartdisease_68/heartdisease_69/glassidentification_0/glassidentification_4/glassidentification_7/glassidentification_8/glassidentification_11/glassidentification_13/glassidentification_16/glassidentification_22/glassidentification_38/glassidentification_39/glassidentification_40/glassidentification_41/glassidentification_43/hepatitis_23/hepatitis_27/hepatitis_33/hepatitis_34/hepatitis_40/hepatitis_42/hepatitis_60/hepatitis_61/hepatitis_62/hepatitis_63/hepatitis_64/dermatology_45/dermatology_46/dermatology_47/dermatology_48/dermatology_49/mnist64_35/mnist64_37/mnist64_38/mnist64_39/mnist64_41/mnist64_45/mnist64_46/mnist64_47/mnist64_48/mnist64_49/ecoli_0/ecoli_1/ecoli_2/ecoli_3/ecoli_4/ecoli_5/ecoli_7/ecoli_9/ecoli_13/ecoli_18/ecoli_19/ecoli_56/ecoli_64/ecoli_65/ecoli_66/ecoli_67/ecoli_68/ecoli_69/echocardiogram_28/echocardiogram_29/echocardiogram_32/echocardiogram_33/echocardiogram_34/heartdisease_21/heartdisease_45/heartdisease_65/heartdisease_66/heartdisease_67/heartdisease_68/heartdisease_69/glassidentification_0/glassidentification_4/glassidentification_7/glassidentification_8/glassidentification_11/glassidentification_13/glassidentification_16/glassidentification_22/glassidentification_38/glassidentification_39/glassidentification_40/glassidentification_41/glassidentification_43/hepatitis_23/hepatitis_27/hepatitis_33/hepatitis_34/hepatitis_40/hepatitis_42/hepatitis_60/hepatitis_61/hepatitis_62/hepatitis_63/hepatitis_64/dermatology_45/dermatology_46/dermatology_47/dermatology_48/dermatology_49/mnist64_35/mnist64_37/mnist64_38/mnist64_39/mnist64_41/mnist64_45/mnist64_46/mnist64_47/mnist64_48/mnist64_49/ecoli_0/ecoli_1/ecoli_2/ecoli_3/ecoli_4/ecoli_5/ecoli_7/ecoli_9/ecoli_13/ecoli_18/ecoli_19/ecoli_56/ecoli_64/ecoli_65/ecoli_66/ecoli_67/ecoli_68/ecoli_69/echocardiogram_28/echocardiogram_29/echocardiogram_32/echocardiogram_33/echocardiogram_34/heartdisease_21/heartdisease_45/heartdisease_65/heartdisease_66/heartdisease_67/heartdisease_68/heartdisease_69/glassidentification_0/glassidentification_4/glassidentification_7/glassidentification_8/glassidentification_11/glassidentification_13/glassidentification_16/glassidentification_22/glassidentification_38/glassidentification_39/glassidentification_40/glassidentification_41/glassidentification_43/hepatitis_23/hepatitis_27/hepatitis_33/hepatitis_34/hepatitis_40/hepatitis_42/hepatitis_60/hepatitis_61/hepatitis_62/hepatitis_63/hepatitis_64/dermatology_45/dermatology_46/dermatology_47/dermatology_48/dermatology_49/mnist64_35/mnist64_37/mnist64_38/mnist64_39/mnist64_41/mnist64_45/mnist64_46/mnist64_47/mnist64_48/mnist64_49/,345
False,True,False,True,True,iris_49/boston_57/boston_62/mnist64_6/mnist64_26/mnist64_27/mnist64_28/mnist64_29/mnist64_30/mnist64_32/mnist64_34/mnist64_58/mnist64_60/mnist64_63/mnist64_64/iris_49/boston_57/boston_62/mnist64_6/mnist64_26/mnist64_27/mnist64_28/mnist64_29/mnist64_30/mnist64_32/mnist64_34/mnist64_58/mnist64_60/mnist64_63/mnist64_64/iris_49/boston_57/boston_62/mnist64_6/mnist64_26/mnist64_27/mnist64_28/mnist64_29/mnist64_30/mnist64_32/mnist64_34/mnist64_58/mnist64_60/mnist64_63/mnist64_64/iris_49/boston_57/boston_62/mnist64_6/mnist64_26/mnist64_27/mnist64_28/mnist64_29/mnist64_30/mnist64_32/mnist64_34/mnist64_58/mnist64_60/mnist64_63/mnist64_64/iris_49/boston_57/boston_62/mnist64_6/mnist64_26/mnist64_27/mnist64_28/mnist64_29/mnist64_30/mnist64_32/mnist64_34/mnist64_58/mnist64_60/mnist64_63/mnist64_64/,75
False,True,False,True,False,mnist64_0/mnist64_1/mnist64_2/mnist64_3/mnist64_4/mnist64_5/mnist64_7/mnist64_8/mnist64_9/mnist64_10/mnist64_13/mnist64_14/mnist64_17/mnist64_18/mnist64_19/mnist64_25/mnist64_31/mnist64_33/mnist64_55/mnist64_56/mnist64_57/mnist64_59/mnist64_61/mnist64_62/mnist64_0/mnist64_1/mnist64_2/mnist64_3/mnist64_4/mnist64_5/mnist64_7/mnist64_8/mnist64_9/mnist64_10/mnist64_13/mnist64_14/mnist64_17/mnist64_18/mnist64_19/mnist64_25/mnist64_31/mnist64_33/mnist64_55/mnist64_56/mnist64_57/mnist64_59/mnist64_61/mnist64_62/mnist64_0/mnist64_1/mnist64_2/mnist64_3/mnist64_4/mnist64_5/mnist64_7/mnist64_8/mnist64_9/mnist64_10/mnist64_13/mnist64_14/mnist64_17/mnist64_18/mnist64_19/mnist64_25/mnist64_31/mnist64_33/mnist64_55/mnist64_56/mnist64_57/mnist64_59/mnist64_61/mnist64_62/mnist64_0/mnist64_1/mnist64_2/mnist64_3/mnist64_4/mnist64_5/mnist64_7/mnist64_8/mnist64_9/mnist64_10/mnist64_13/mnist64_14/mnist64_17/mnist64_18/mnist64_19/mnist64_25/mnist64_31/mnist64_33/mnist64_55/mnist64_56/mnist64_57/mnist64_59/mnist64_61/mnist64_62/mnist64_0/mnist64_1/mnist64_2/mnist64_3/mnist64_4/mnist64_5/mnist64_7/mnist64_8/mnist64_9/mnist64_10/mnist64_13/mnist64_14/mnist64_17/mnist64_18/mnist64_19/mnist64_25/mnist64_31/mnist64_33/mnist64_55/mnist64_56/mnist64_57/mnist64_59/mnist64_61/mnist64_62/,120
False,True,False,False,True,iris_38/iris_40/echocardiogram_0/echocardiogram_1/echocardiogram_2/echocardiogram_3/echocardiogram_4/echocardiogram_5/echocardiogram_6/echocardiogram_7/echocardiogram_8/echocardiogram_9/echocardiogram_17/echocardiogram_51/echocardiogram_53/echocardiogram_55/echocardiogram_56/echocardiogram_57/echocardiogram_59/echocardiogram_60/echocardiogram_61/echocardiogram_62/echocardiogram_63/echocardiogram_64/heartdisease_56/heartdisease_63/glassidentification_3/glassidentification_10/glassidentification_17/glassidentification_25/glassidentification_26/glassidentification_27/glassidentification_31/glassidentification_32/hepatitis_26/hepatitis_29/hepatitis_50/hepatitis_51/hepatitis_52/hepatitis_53/hepatitis_54/hepatitis_55/hepatitis_56/hepatitis_57/hepatitis_58/hepatitis_59/iris_38/iris_40/echocardiogram_0/echocardiogram_1/echocardiogram_2/echocardiogram_3/echocardiogram_4/echocardiogram_5/echocardiogram_6/echocardiogram_7/echocardiogram_8/echocardiogram_9/echocardiogram_17/echocardiogram_51/echocardiogram_53/echocardiogram_55/echocardiogram_56/echocardiogram_57/echocardiogram_59/echocardiogram_60/echocardiogram_61/echocardiogram_62/echocardiogram_63/echocardiogram_64/heartdisease_56/heartdisease_63/glassidentification_3/glassidentification_10/glassidentification_17/glassidentification_25/glassidentification_26/glassidentification_27/glassidentification_31/glassidentification_32/hepatitis_26/hepatitis_29/hepatitis_50/hepatitis_51/hepatitis_52/hepatitis_53/hepatitis_54/hepatitis_55/hepatitis_56/hepatitis_57/hepatitis_58/hepatitis_59/iris_38/iris_40/echocardiogram_0/echocardiogram_1/echocardiogram_2/echocardiogram_3/echocardiogram_4/echocardiogram_5/echocardiogram_6/echocardiogram_7/echocardiogram_8/echocardiogram_9/echocardiogram_17/echocardiogram_51/echocardiogram_53/echocardiogram_55/echocardiogram_56/echocardiogram_57/echocardiogram_59/echocardiogram_60/echocardiogram_61/echocardiogram_62/echocardiogram_63/echocardiogram_64/heartdisease_56/heartdisease_63/glassidentification_3/glassidentification_10/glassidentification_17/glassidentification_25/glassidentification_26/glassidentification_27/glassidentification_31/glassidentification_32/hepatitis_26/hepatitis_29/hepatitis_50/hepatitis_51/hepatitis_52/hepatitis_53/hepatitis_54/hepatitis_55/hepatitis_56/hepatitis_57/hepatitis_58/hepatitis_59/iris_38/iris_40/echocardiogram_0/echocardiogram_1/echocardiogram_2/echocardiogram_3/echocardiogram_4/echocardiogram_5/echocardiogram_6/echocardiogram_7/echocardiogram_8/echocardiogram_9/echocardiogram_17/echocardiogram_51/echocardiogram_53/echocardiogram_55/echocardiogram_56/echocardiogram_57/echocardiogram_59/echocardiogram_60/echocardiogram_61/echocardiogram_62/echocardiogram_63/echocardiogram_64/heartdisease_56/heartdisease_63/glassidentification_3/glassidentification_10/glassidentification_17/glassidentification_25/glassidentification_26/glassidentification_27/glassidentification_31/glassidentification_32/hepatitis_26/hepatitis_29/hepatitis_50/hepatitis_51/hepatitis_52/hepatitis_53/hepatitis_54/hepatitis_55/hepatitis_56/hepatitis_57/hepatitis_58/hepatitis_59/iris_38/iris_40/echocardiogram_0/echocardiogram_1/echocardiogram_2/echocardiogram_3/echocardiogram_4/echocardiogram_5/echocardiogram_6/echocardiogram_7/echocardiogram_8/echocardiogram_9/echocardiogram_17/echocardiogram_51/echocardiogram_53/echocardiogram_55/echocardiogram_56/echocardiogram_57/echocardiogram_59/echocardiogram_60/echocardiogram_61/echocardiogram_62/echocardiogram_63/echocardiogram_64/heartdisease_56/heartdisease_63/glassidentification_3/glassidentification_10/glassidentification_17/glassidentification_25/glassidentification_26/glassidentification_27/glassidentification_31/glassidentification_32/hepatitis_26/hepatitis_29/hepatitis_50/hepatitis_51/hepatitis_52/hepatitis_53/hepatitis_54/hepatitis_55/hepatitis_56/hepatitis_57/hepatitis_58/hepatitis_59/,230
False,True,False,False,False,iris_21/iris_23/iris_37/iris_53/iris_54/ecoli_20/ecoli_21/ecoli_22/ecoli_23/ecoli_24/ecoli_45/ecoli_46/ecoli_47/ecoli_48/ecoli_49/ecoli_50/ecoli_51/ecoli_52/ecoli_53/ecoli_54/echocardiogram_16/echocardiogram_20/echocardiogram_21/echocardiogram_22/echocardiogram_23/echocardiogram_24/echocardiogram_50/echocardiogram_52/echocardiogram_58/echocardiogram_65/echocardiogram_66/echocardiogram_67/echocardiogram_68/echocardiogram_69/heartdisease_2/heartdisease_22/heartdisease_44/heartdisease_53/heartdisease_55/heartdisease_57/heartdisease_58/heartdisease_59/heartdisease_60/heartdisease_61/heartdisease_62/heartdisease_64/glassidentification_1/glassidentification_2/glassidentification_5/glassidentification_6/glassidentification_9/glassidentification_19/glassidentification_20/glassidentification_21/glassidentification_23/glassidentification_24/glassidentification_30/glassidentification_45/glassidentification_46/glassidentification_60/glassidentification_61/glassidentification_62/glassidentification_63/glassidentification_64/hepatitis_22/hepatitis_28/hepatitis_31/hepatitis_47/hepatitis_48/dermatology_5/dermatology_8/dermatology_20/dermatology_21/dermatology_22/dermatology_24/dermatology_65/dermatology_66/dermatology_67/dermatology_68/dermatology_69/mnist64_11/mnist64_12/mnist64_15/mnist64_16/mnist64_20/mnist64_21/mnist64_22/mnist64_23/mnist64_24/mnist64_36/mnist64_40/mnist64_42/mnist64_43/mnist64_44/mnist64_50/mnist64_51/mnist64_52/mnist64_53/mnist64_54/mnist64_65/mnist64_66/mnist64_67/mnist64_68/mnist64_69/iris_21/iris_23/iris_37/iris_53/iris_54/ecoli_20/ecoli_21/ecoli_22/ecoli_23/ecoli_24/ecoli_45/ecoli_46/ecoli_47/ecoli_48/ecoli_49/ecoli_50/ecoli_51/ecoli_52/ecoli_53/ecoli_54/echocardiogram_16/echocardiogram_20/echocardiogram_21/echocardiogram_22/echocardiogram_23/echocardiogram_24/echocardiogram_50/echocardiogram_52/echocardiogram_58/echocardiogram_65/echocardiogram_66/echocardiogram_67/echocardiogram_68/echocardiogram_69/heartdisease_2/heartdisease_22/heartdisease_44/heartdisease_53/heartdisease_55/heartdisease_57/heartdisease_58/heartdisease_59/heartdisease_60/heartdisease_61/heartdisease_62/heartdisease_64/glassidentification_1/glassidentification_2/glassidentification_5/glassidentification_6/glassidentification_9/glassidentification_19/glassidentification_20/glassidentification_21/glassidentification_23/glassidentification_24/glassidentification_30/glassidentification_45/glassidentification_46/glassidentification_60/glassidentification_61/glassidentification_62/glassidentification_63/glassidentification_64/hepatitis_22/hepatitis_28/hepatitis_31/hepatitis_47/hepatitis_48/dermatology_5/dermatology_8/dermatology_20/dermatology_21/dermatology_22/dermatology_24/dermatology_65/dermatology_66/dermatology_67/dermatology_68/dermatology_69/mnist64_11/mnist64_12/mnist64_15/mnist64_16/mnist64_20/mnist64_21/mnist64_22/mnist64_23/mnist64_24/mnist64_36/mnist64_40/mnist64_42/mnist64_43/mnist64_44/mnist64_50/mnist64_51/mnist64_52/mnist64_53/mnist64_54/mnist64_65/mnist64_66/mnist64_67/mnist64_68/mnist64_69/iris_21/iris_23/iris_37/iris_53/iris_54/ecoli_20/ecoli_21/ecoli_22/ecoli_23/ecoli_24/ecoli_45/ecoli_46/ecoli_47/ecoli_48/ecoli_49/ecoli_50/ecoli_51/ecoli_52/ecoli_53/ecoli_54/echocardiogram_16/echocardiogram_20/echocardiogram_21/echocardiogram_22/echocardiogram_23/echocardiogram_24/echocardiogram_50/echocardiogram_52/echocardiogram_58/echocardiogram_65/echocardiogram_66/echocardiogram_67/echocardiogram_68/echocardiogram_69/heartdisease_2/heartdisease_22/heartdisease_44/heartdisease_53/heartdisease_55/heartdisease_57/heartdisease_58/heartdisease_59/heartdisease_60/heartdisease_61/heartdisease_62/heartdisease_64/glassidentification_1/glassidentification_2/glassidentification_5/glassidentification_6/glassidentification_9/glassidentification_19/glassidentification_20/glassidentification_21/glassidentification_23/glassidentification_24/glassidentification_30/glassidentification_45/glassidentification_46/glassidentification_60/glassidentification_61/glassidentification_62/glassidentification_63/glassidentification_64/hepatitis_22/hepatitis_28/hepatitis_31/hepatitis_47/hepatitis_48/dermatology_5/dermatology_8/dermatology_20/dermatology_21/dermatology_22/dermatology_24/dermatology_65/dermatology_66/dermatology_67/dermatology_68/dermatology_69/mnist64_11/mnist64_12/mnist64_15/mnist64_16/mnist64_20/mnist64_21/mnist64_22/mnist64_23/mnist64_24/mnist64_36/mnist64_40/mnist64_42/mnist64_43/mnist64_44/mnist64_50/mnist64_51/mnist64_52/mnist64_53/mnist64_54/mnist64_65/mnist64_66/mnist64_67/mnist64_68/mnist64_69/iris_21/iris_23/iris_37/iris_53/iris_54/ecoli_20/ecoli_21/ecoli_22/ecoli_23/ecoli_24/ecoli_45/ecoli_46/ecoli_47/ecoli_48/ecoli_49/ecoli_50/ecoli_51/ecoli_52/ecoli_53/ecoli_54/echocardiogram_16/echocardiogram_20/echocardiogram_21/echocardiogram_22/echocardiogram_23/echocardiogram_24/echocardiogram_50/echocardiogram_52/echocardiogram_58/echocardiogram_65/echocardiogram_66/echocardiogram_67/echocardiogram_68/echocardiogram_69/heartdisease_2/heartdisease_22/heartdisease_44/heartdisease_53/heartdisease_55/heartdisease_57/heartdisease_58/heartdisease_59/heartdisease_60/heartdisease_61/heartdisease_62/heartdisease_64/glassidentification_1/glassidentification_2/glassidentification_5/glassidentification_6/glassidentification_9/glassidentification_19/glassidentification_20/glassidentification_21/glassidentification_23/glassidentification_24/glassidentification_30/glassidentification_45/glassidentification_46/glassidentification_60/glassidentification_61/glassidentification_62/glassidentification_63/glassidentification_64/hepatitis_22/hepatitis_28/hepatitis_31/hepatitis_47/hepatitis_48/dermatology_5/dermatology_8/dermatology_20/dermatology_21/dermatology_22/dermatology_24/dermatology_65/dermatology_66/dermatology_67/dermatology_68/dermatology_69/mnist64_11/mnist64_12/mnist64_15/mnist64_16/mnist64_20/mnist64_21/mnist64_22/mnist64_23/mnist64_24/mnist64_36/mnist64_40/mnist64_42/mnist64_43/mnist64_44/mnist64_50/mnist64_51/mnist64_52/mnist64_53/mnist64_54/mnist64_65/mnist64_66/mnist64_67/mnist64_68/mnist64_69/iris_21/iris_23/iris_37/iris_53/iris_54/ecoli_20/ecoli_21/ecoli_22/ecoli_23/ecoli_24/ecoli_45/ecoli_46/ecoli_47/ecoli_48/ecoli_49/ecoli_50/ecoli_51/ecoli_52/ecoli_53/ecoli_54/echocardiogram_16/echocardiogram_20/echocardiogram_21/echocardiogram_22/echocardiogram_23/echocardiogram_24/echocardiogram_50/echocardiogram_52/echocardiogram_58/echocardiogram_65/echocardiogram_66/echocardiogram_67/echocardiogram_68/echocardiogram_69/heartdisease_2/heartdisease_22/heartdisease_44/heartdisease_53/heartdisease_55/heartdisease_57/heartdisease_58/heartdisease_59/heartdisease_60/heartdisease_61/heartdisease_62/heartdisease_64/glassidentification_1/glassidentification_2/glassidentification_5/glassidentification_6/glassidentification_9/glassidentification_19/glassidentification_20/glassidentification_21/glassidentification_23/glassidentification_24/glassidentification_30/glassidentification_45/glassidentification_46/glassidentification_60/glassidentification_61/glassidentification_62/glassidentification_63/glassidentification_64/hepatitis_22/hepatitis_28/hepatitis_31/hepatitis_47/hepatitis_48/dermatology_5/dermatology_8/dermatology_20/dermatology_21/dermatology_22/dermatology_24/dermatology_65/dermatology_66/dermatology_67/dermatology_68/dermatology_69/mnist64_11/mnist64_12/mnist64_15/mnist64_16/mnist64_20/mnist64_21/mnist64_22/mnist64_23/mnist64_24/mnist64_36/mnist64_40/mnist64_42/mnist64_43/mnist64_44/mnist64_50/mnist64_51/mnist64_52/mnist64_53/mnist64_54/mnist64_65/mnist64_66/mnist64_67/mnist64_68/mnist64_69/,520
False,False,True,True,True,iris_0/iris_2/iris_3/iris_4/iris_5/iris_6/iris_7/iris_8/iris_9/iris_10/iris_11/iris_12/iris_13/iris_14/iris_15/iris_16/iris_17/iris_18/iris_19/iris_25/iris_26/iris_27/iris_30/iris_33/iris_55/iris_61/iris_63/dermatology_33/dermatology_58/dermatology_61/dermatology_62/dermatology_64/iris_0/iris_2/iris_3/iris_4/iris_5/iris_6/iris_7/iris_8/iris_9/iris_10/iris_11/iris_12/iris_13/iris_14/iris_15/iris_16/iris_17/iris_18/iris_19/iris_25/iris_26/iris_27/iris_30/iris_33/iris_55/iris_61/iris_63/dermatology_33/dermatology_58/dermatology_61/dermatology_62/dermatology_64/iris_0/iris_2/iris_3/iris_4/iris_5/iris_6/iris_7/iris_8/iris_9/iris_10/iris_11/iris_12/iris_13/iris_14/iris_15/iris_16/iris_17/iris_18/iris_19/iris_25/iris_26/iris_27/iris_30/iris_33/iris_55/iris_61/iris_63/dermatology_33/dermatology_58/dermatology_61/dermatology_62/dermatology_64/iris_0/iris_2/iris_3/iris_4/iris_5/iris_6/iris_7/iris_8/iris_9/iris_10/iris_11/iris_12/iris_13/iris_14/iris_15/iris_16/iris_17/iris_18/iris_19/iris_25/iris_26/iris_27/iris_30/iris_33/iris_55/iris_61/iris_63/dermatology_33/dermatology_58/dermatology_61/dermatology_62/dermatology_64/iris_0/iris_2/iris_3/iris_4/iris_5/iris_6/iris_7/iris_8/iris_9/iris_10/iris_11/iris_12/iris_13/iris_14/iris_15/iris_16/iris_17/iris_18/iris_19/iris_25/iris_26/iris_27/iris_30/iris_33/iris_55/iris_61/iris_63/dermatology_33/dermatology_58/dermatology_61/dermatology_62/dermatology_64/,160
False,False,True,True,False,,0
False,False,True,False,True,world12d_58/world12d_59/world12d_60/world12d_64/ecoli_12/ecoli_16/echocardiogram_25/echocardiogram_47/hepatitis_6/hepatitis_10/hepatitis_11/hepatitis_12/hepatitis_13/hepatitis_14/hepatitis_15/hepatitis_16/hepatitis_17/hepatitis_18/hepatitis_19/hepatitis_30/hepatitis_32/hepatitis_43/world12d_58/world12d_59/world12d_60/world12d_64/ecoli_12/ecoli_16/echocardiogram_25/echocardiogram_47/hepatitis_6/hepatitis_10/hepatitis_11/hepatitis_12/hepatitis_13/hepatitis_14/hepatitis_15/hepatitis_16/hepatitis_17/hepatitis_18/hepatitis_19/hepatitis_30/hepatitis_32/hepatitis_43/world12d_58/world12d_59/world12d_60/world12d_64/ecoli_12/ecoli_16/echocardiogram_25/echocardiogram_47/hepatitis_6/hepatitis_10/hepatitis_11/hepatitis_12/hepatitis_13/hepatitis_14/hepatitis_15/hepatitis_16/hepatitis_17/hepatitis_18/hepatitis_19/hepatitis_30/hepatitis_32/hepatitis_43/world12d_58/world12d_59/world12d_60/world12d_64/ecoli_12/ecoli_16/echocardiogram_25/echocardiogram_47/hepatitis_6/hepatitis_10/hepatitis_11/hepatitis_12/hepatitis_13/hepatitis_14/hepatitis_15/hepatitis_16/hepatitis_17/hepatitis_18/hepatitis_19/hepatitis_30/hepatitis_32/hepatitis_43/world12d_58/world12d_59/world12d_60/world12d_64/ecoli_12/ecoli_16/echocardiogram_25/echocardiogram_47/hepatitis_6/hepatitis_10/hepatitis_11/hepatitis_12/hepatitis_13/hepatitis_14/hepatitis_15/hepatitis_16/hepatitis_17/hepatitis_18/hepatitis_19/hepatitis_30/hepatitis_32/hepatitis_43/,110
False,False,True,False,False,world12d_35/world12d_57/iris_65/iris_66/iris_67/iris_68/iris_69/ecoli_11/ecoli_15/ecoli_17/echocardiogram_26/echocardiogram_31/echocardiogram_45/echocardiogram_48/echocardiogram_49/heartdisease_0/heartdisease_1/heartdisease_6/heartdisease_8/heartdisease_46/heartdisease_47/heartdisease_48/heartdisease_49/glassidentification_14/glassidentification_42/glassidentification_44/hepatitis_41/hepatitis_44/world12d_35/world12d_57/iris_65/iris_66/iris_67/iris_68/iris_69/ecoli_11/ecoli_15/ecoli_17/echocardiogram_26/echocardiogram_31/echocardiogram_45/echocardiogram_48/echocardiogram_49/heartdisease_0/heartdisease_1/heartdisease_6/heartdisease_8/heartdisease_46/heartdisease_47/heartdisease_48/heartdisease_49/glassidentification_14/glassidentification_42/glassidentification_44/hepatitis_41/hepatitis_44/world12d_35/world12d_57/iris_65/iris_66/iris_67/iris_68/iris_69/ecoli_11/ecoli_15/ecoli_17/echocardiogram_26/echocardiogram_31/echocardiogram_45/echocardiogram_48/echocardiogram_49/heartdisease_0/heartdisease_1/heartdisease_6/heartdisease_8/heartdisease_46/heartdisease_47/heartdisease_48/heartdisease_49/glassidentification_14/glassidentification_42/glassidentification_44/hepatitis_41/hepatitis_44/world12d_35/world12d_57/iris_65/iris_66/iris_67/iris_68/iris_69/ecoli_11/ecoli_15/ecoli_17/echocardiogram_26/echocardiogram_31/echocardiogram_45/echocardiogram_48/echocardiogram_49/heartdisease_0/heartdisease_1/heartdisease_6/heartdisease_8/heartdisease_46/heartdisease_47/heartdisease_48/heartdisease_49/glassidentification_14/glassidentification_42/glassidentification_44/hepatitis_41/hepatitis_44/world12d_35/world12d_57/iris_65/iris_66/iris_67/iris_68/iris_69/ecoli_11/ecoli_15/ecoli_17/echocardiogram_26/echocardiogram_31/echocardiogram_45/echocardiogram_48/echocardiogram_49/heartdisease_0/heartdisease_1/heartdisease_6/heartdisease_8/heartdisease_46/heartdisease_47/heartdisease_48/heartdisease_49/glassidentification_14/glassidentification_42/glassidentification_44/hepatitis_41/hepatitis_44/,140
False,False,False,True,True,world12d_36/world12d_37/world12d_38/world12d_39/world12d_40/world12d_41/world12d_42/world12d_43/world12d_44/iris_20/iris_22/iris_24/iris_28/iris_29/iris_31/iris_32/iris_34/iris_35/iris_36/iris_39/iris_41/iris_42/iris_43/iris_44/iris_46/iris_48/breastcancerwisconsinprognostic_21/breastcancerwisconsinprognostic_35/breastcancerwisconsinprognostic_37/breastcancerwisconsinprognostic_38/breastcancerwisconsinprognostic_39/breastcancerwisconsinprognostic_40/breastcancerwisconsinprognostic_41/breastcancerwisconsinprognostic_42/breastcancerwisconsinprognostic_43/breastcancerwisconsinprognostic_44/wine_35/wine_36/wine_37/wine_38/wine_39/wine_40/wine_41/wine_42/wine_43/wine_50/wine_56/wine_57/wine_60/wine_64/boston_20/boston_23/boston_36/boston_37/boston_38/boston_39/boston_40/boston_41/boston_42/boston_43/boston_44/boston_54/breastcancercoimbra_21/breastcancercoimbra_24/breastcancercoimbra_35/breastcancercoimbra_36/breastcancercoimbra_37/breastcancercoimbra_38/breastcancercoimbra_39/breastcancercoimbra_40/breastcancercoimbra_41/breastcancercoimbra_42/breastcancercoimbra_43/breastcancercoimbra_44/breastcancercoimbra_50/breastcancercoimbra_51/breastcancercoimbra_53/echocardiogram_15/echocardiogram_30/echocardiogram_35/echocardiogram_36/echocardiogram_37/echocardiogram_38/echocardiogram_39/echocardiogram_40/echocardiogram_41/echocardiogram_42/echocardiogram_43/echocardiogram_44/housing_20/housing_24/housing_35/housing_36/housing_37/housing_38/housing_39/housing_40/housing_41/housing_42/housing_43/housing_44/dermatology_0/dermatology_1/dermatology_2/dermatology_3/dermatology_4/dermatology_6/dermatology_7/dermatology_9/dermatology_10/dermatology_12/dermatology_14/dermatology_16/dermatology_17/dermatology_27/dermatology_28/dermatology_29/dermatology_30/dermatology_31/dermatology_34/dermatology_35/dermatology_36/dermatology_37/dermatology_38/dermatology_39/dermatology_40/dermatology_41/dermatology_42/dermatology_43/dermatology_44/olive_35/olive_36/olive_37/olive_38/olive_39/olive_40/olive_41/olive_42/olive_43/olive_44/world12d_36/world12d_37/world12d_38/world12d_39/world12d_40/world12d_41/world12d_42/world12d_43/world12d_44/iris_20/iris_22/iris_24/iris_28/iris_29/iris_31/iris_32/iris_34/iris_35/iris_36/iris_39/iris_41/iris_42/iris_43/iris_44/iris_46/iris_48/breastcancerwisconsinprognostic_21/breastcancerwisconsinprognostic_35/breastcancerwisconsinprognostic_37/breastcancerwisconsinprognostic_38/breastcancerwisconsinprognostic_39/breastcancerwisconsinprognostic_40/breastcancerwisconsinprognostic_41/breastcancerwisconsinprognostic_42/breastcancerwisconsinprognostic_43/breastcancerwisconsinprognostic_44/wine_35/wine_36/wine_37/wine_38/wine_39/wine_40/wine_41/wine_42/wine_43/wine_50/wine_56/wine_57/wine_60/wine_64/boston_20/boston_23/boston_36/boston_37/boston_38/boston_39/boston_40/boston_41/boston_42/boston_43/boston_44/boston_54/breastcancercoimbra_21/breastcancercoimbra_24/breastcancercoimbra_35/breastcancercoimbra_36/breastcancercoimbra_37/breastcancercoimbra_38/breastcancercoimbra_39/breastcancercoimbra_40/breastcancercoimbra_41/breastcancercoimbra_42/breastcancercoimbra_43/breastcancercoimbra_44/breastcancercoimbra_50/breastcancercoimbra_51/breastcancercoimbra_53/echocardiogram_15/echocardiogram_30/echocardiogram_35/echocardiogram_36/echocardiogram_37/echocardiogram_38/echocardiogram_39/echocardiogram_40/echocardiogram_41/echocardiogram_42/echocardiogram_43/echocardiogram_44/housing_20/housing_24/housing_35/housing_36/housing_37/housing_38/housing_39/housing_40/housing_41/housing_42/housing_43/housing_44/dermatology_0/dermatology_1/dermatology_2/dermatology_3/dermatology_4/dermatology_6/dermatology_7/dermatology_9/dermatology_10/dermatology_12/dermatology_14/dermatology_16/dermatology_17/dermatology_27/dermatology_28/dermatology_29/dermatology_30/dermatology_31/dermatology_34/dermatology_35/dermatology_36/dermatology_37/dermatology_38/dermatology_39/dermatology_40/dermatology_41/dermatology_42/dermatology_43/dermatology_44/olive_35/olive_36/olive_37/olive_38/olive_39/olive_40/olive_41/olive_42/olive_43/olive_44/world12d_36/world12d_37/world12d_38/world12d_39/world12d_40/world12d_41/world12d_42/world12d_43/world12d_44/iris_20/iris_22/iris_24/iris_28/iris_29/iris_31/iris_32/iris_34/iris_35/iris_36/iris_39/iris_41/iris_42/iris_43/iris_44/iris_46/iris_48/breastcancerwisconsinprognostic_21/breastcancerwisconsinprognostic_35/breastcancerwisconsinprognostic_37/breastcancerwisconsinprognostic_38/breastcancerwisconsinprognostic_39/breastcancerwisconsinprognostic_40/breastcancerwisconsinprognostic_41/breastcancerwisconsinprognostic_42/breastcancerwisconsinprognostic_43/breastcancerwisconsinprognostic_44/wine_35/wine_36/wine_37/wine_38/wine_39/wine_40/wine_41/wine_42/wine_43/wine_50/wine_56/wine_57/wine_60/wine_64/boston_20/boston_23/boston_36/boston_37/boston_38/boston_39/boston_40/boston_41/boston_42/boston_43/boston_44/boston_54/breastcancercoimbra_21/breastcancercoimbra_24/breastcancercoimbra_35/breastcancercoimbra_36/breastcancercoimbra_37/breastcancercoimbra_38/breastcancercoimbra_39/breastcancercoimbra_40/breastcancercoimbra_41/breastcancercoimbra_42/breastcancercoimbra_43/breastcancercoimbra_44/breastcancercoimbra_50/breastcancercoimbra_51/breastcancercoimbra_53/echocardiogram_15/echocardiogram_30/echocardiogram_35/echocardiogram_36/echocardiogram_37/echocardiogram_38/echocardiogram_39/echocardiogram_40/echocardiogram_41/echocardiogram_42/echocardiogram_43/echocardiogram_44/housing_20/housing_24/housing_35/housing_36/housing_37/housing_38/housing_39/housing_40/housing_41/housing_42/housing_43/housing_44/dermatology_0/dermatology_1/dermatology_2/dermatology_3/dermatology_4/dermatology_6/dermatology_7/dermatology_9/dermatology_10/dermatology_12/dermatology_14/dermatology_16/dermatology_17/dermatology_27/dermatology_28/dermatology_29/dermatology_30/dermatology_31/dermatology_34/dermatology_35/dermatology_36/dermatology_37/dermatology_38/dermatology_39/dermatology_40/dermatology_41/dermatology_42/dermatology_43/dermatology_44/olive_35/olive_36/olive_37/olive_38/olive_39/olive_40/olive_41/olive_42/olive_43/olive_44/world12d_36/world12d_37/world12d_38/world12d_39/world12d_40/world12d_41/world12d_42/world12d_43/world12d_44/iris_20/iris_22/iris_24/iris_28/iris_29/iris_31/iris_32/iris_34/iris_35/iris_36/iris_39/iris_41/iris_42/iris_43/iris_44/iris_46/iris_48/breastcancerwisconsinprognostic_21/breastcancerwisconsinprognostic_35/breastcancerwisconsinprognostic_37/breastcancerwisconsinprognostic_38/breastcancerwisconsinprognostic_39/breastcancerwisconsinprognostic_40/breastcancerwisconsinprognostic_41/breastcancerwisconsinprognostic_42/breastcancerwisconsinprognostic_43/breastcancerwisconsinprognostic_44/wine_35/wine_36/wine_37/wine_38/wine_39/wine_40/wine_41/wine_42/wine_43/wine_50/wine_56/wine_57/wine_60/wine_64/boston_20/boston_23/boston_36/boston_37/boston_38/boston_39/boston_40/boston_41/boston_42/boston_43/boston_44/boston_54/breastcancercoimbra_21/breastcancercoimbra_24/breastcancercoimbra_35/breastcancercoimbra_36/breastcancercoimbra_37/breastcancercoimbra_38/breastcancercoimbra_39/breastcancercoimbra_40/breastcancercoimbra_41/breastcancercoimbra_42/breastcancercoimbra_43/breastcancercoimbra_44/breastcancercoimbra_50/breastcancercoimbra_51/breastcancercoimbra_53/echocardiogram_15/echocardiogram_30/echocardiogram_35/echocardiogram_36/echocardiogram_37/echocardiogram_38/echocardiogram_39/echocardiogram_40/echocardiogram_41/echocardiogram_42/echocardiogram_43/echocardiogram_44/housing_20/housing_24/housing_35/housing_36/housing_37/housing_38/housing_39/housing_40/housing_41/housing_42/housing_43/housing_44/dermatology_0/dermatology_1/dermatology_2/dermatology_3/dermatology_4/dermatology_6/dermatology_7/dermatology_9/dermatology_10/dermatology_12/dermatology_14/dermatology_16/dermatology_17/dermatology_27/dermatology_28/dermatology_29/dermatology_30/dermatology_31/dermatology_34/dermatology_35/dermatology_36/dermatology_37/dermatology_38/dermatology_39/dermatology_40/dermatology_41/dermatology_42/dermatology_43/dermatology_44/olive_35/olive_36/olive_37/olive_38/olive_39/olive_40/olive_41/olive_42/olive_43/olive_44/world12d_36/world12d_37/world12d_38/world12d_39/world12d_40/world12d_41/world12d_42/world12d_43/world12d_44/iris_20/iris_22/iris_24/iris_28/iris_29/iris_31/iris_32/iris_34/iris_35/iris_36/iris_39/iris_41/iris_42/iris_43/iris_44/iris_46/iris_48/breastcancerwisconsinprognostic_21/breastcancerwisconsinprognostic_35/breastcancerwisconsinprognostic_37/breastcancerwisconsinprognostic_38/breastcancerwisconsinprognostic_39/breastcancerwisconsinprognostic_40/breastcancerwisconsinprognostic_41/breastcancerwisconsinprognostic_42/breastcancerwisconsinprognostic_43/breastcancerwisconsinprognostic_44/wine_35/wine_36/wine_37/wine_38/wine_39/wine_40/wine_41/wine_42/wine_43/wine_50/wine_56/wine_57/wine_60/wine_64/boston_20/boston_23/boston_36/boston_37/boston_38/boston_39/boston_40/boston_41/boston_42/boston_43/boston_44/boston_54/breastcancercoimbra_21/breastcancercoimbra_24/breastcancercoimbra_35/breastcancercoimbra_36/breastcancercoimbra_37/breastcancercoimbra_38/breastcancercoimbra_39/breastcancercoimbra_40/breastcancercoimbra_41/breastcancercoimbra_42/breastcancercoimbra_43/breastcancercoimbra_44/breastcancercoimbra_50/breastcancercoimbra_51/breastcancercoimbra_53/echocardiogram_15/echocardiogram_30/echocardiogram_35/echocardiogram_36/echocardiogram_37/echocardiogram_38/echocardiogram_39/echocardiogram_40/echocardiogram_41/echocardiogram_42/echocardiogram_43/echocardiogram_44/housing_20/housing_24/housing_35/housing_36/housing_37/housing_38/housing_39/housing_40/housing_41/housing_42/housing_43/housing_44/dermatology_0/dermatology_1/dermatology_2/dermatology_3/dermatology_4/dermatology_6/dermatology_7/dermatology_9/dermatology_10/dermatology_12/dermatology_14/dermatology_16/dermatology_17/dermatology_27/dermatology_28/dermatology_29/dermatology_30/dermatology_31/dermatology_34/dermatology_35/dermatology_36/dermatology_37/dermatology_38/dermatology_39/dermatology_40/dermatology_41/dermatology_42/dermatology_43/dermatology_44/olive_35/olive_36/olive_37/olive_38/olive_39/olive_40/olive_41/olive_42/olive_43/olive_44/,700
False,False,False,True,False,world12d_54/iris_45/iris_47/breastcancerwisconsinprognostic_36/dermatology_11/dermatology_13/dermatology_15/dermatology_18/dermatology_19/dermatology_25/dermatology_26/dermatology_32/world12d_54/iris_45/iris_47/breastcancerwisconsinprognostic_36/dermatology_11/dermatology_13/dermatology_15/dermatology_18/dermatology_19/dermatology_25/dermatology_26/dermatology_32/world12d_54/iris_45/iris_47/breastcancerwisconsinprognostic_36/dermatology_11/dermatology_13/dermatology_15/dermatology_18/dermatology_19/dermatology_25/dermatology_26/dermatology_32/world12d_54/iris_45/iris_47/breastcancerwisconsinprognostic_36/dermatology_11/dermatology_13/dermatology_15/dermatology_18/dermatology_19/dermatology_25/dermatology_26/dermatology_32/world12d_54/iris_45/iris_47/breastcancerwisconsinprognostic_36/dermatology_11/dermatology_13/dermatology_15/dermatology_18/dermatology_19/dermatology_25/dermatology_26/dermatology_32/,60
False,False,False,False,True,world12d_62/world12d_63/echocardiogram_10/echocardiogram_11/echocardiogram_12/echocardiogram_13/echocardiogram_14/echocardiogram_18/echocardiogram_19/echocardiogram_27/heartdisease_3/heartdisease_25/heartdisease_31/heartdisease_33/glassidentification_12/hepatitis_35/hepatitis_36/hepatitis_37/hepatitis_38/hepatitis_39/world12d_62/world12d_63/echocardiogram_10/echocardiogram_11/echocardiogram_12/echocardiogram_13/echocardiogram_14/echocardiogram_18/echocardiogram_19/echocardiogram_27/heartdisease_3/heartdisease_25/heartdisease_31/heartdisease_33/glassidentification_12/hepatitis_35/hepatitis_36/hepatitis_37/hepatitis_38/hepatitis_39/world12d_62/world12d_63/echocardiogram_10/echocardiogram_11/echocardiogram_12/echocardiogram_13/echocardiogram_14/echocardiogram_18/echocardiogram_19/echocardiogram_27/heartdisease_3/heartdisease_25/heartdisease_31/heartdisease_33/glassidentification_12/hepatitis_35/hepatitis_36/hepatitis_37/hepatitis_38/hepatitis_39/world12d_62/world12d_63/echocardiogram_10/echocardiogram_11/echocardiogram_12/echocardiogram_13/echocardiogram_14/echocardiogram_18/echocardiogram_19/echocardiogram_27/heartdisease_3/heartdisease_25/heartdisease_31/heartdisease_33/glassidentification_12/hepatitis_35/hepatitis_36/hepatitis_37/hepatitis_38/hepatitis_39/world12d_62/world12d_63/echocardiogram_10/echocardiogram_11/echocardiogram_12/echocardiogram_13/echocardiogram_14/echocardiogram_18/echocardiogram_19/echocardiogram_27/heartdisease_3/heartdisease_25/heartdisease_31/heartdisease_33/glassidentification_12/hepatitis_35/hepatitis_36/hepatitis_37/hepatitis_38/hepatitis_39/,100
False,False,False,False,False,world12d_23/world12d_50/world12d_51/world12d_52/world12d_53/iris_50/iris_51/iris_52/ecoli_35/ecoli_36/ecoli_37/ecoli_38/ecoli_39/ecoli_40/ecoli_41/ecoli_42/ecoli_43/ecoli_44/echocardiogram_54/heartdisease_4/heartdisease_5/heartdisease_7/heartdisease_9/heartdisease_10/heartdisease_11/heartdisease_12/heartdisease_13/heartdisease_14/heartdisease_15/heartdisease_16/heartdisease_17/heartdisease_18/heartdisease_19/heartdisease_20/heartdisease_23/heartdisease_24/heartdisease_26/heartdisease_27/heartdisease_28/heartdisease_29/heartdisease_30/heartdisease_32/heartdisease_34/heartdisease_35/heartdisease_36/heartdisease_37/heartdisease_38/heartdisease_39/heartdisease_40/heartdisease_41/heartdisease_42/heartdisease_43/heartdisease_50/heartdisease_51/heartdisease_52/heartdisease_54/glassidentification_15/glassidentification_35/glassidentification_36/glassidentification_37/glassidentification_47/glassidentification_48/glassidentification_49/glassidentification_65/glassidentification_66/glassidentification_67/glassidentification_68/glassidentification_69/hepatitis_20/hepatitis_21/hepatitis_24/hepatitis_45/hepatitis_46/hepatitis_49/dermatology_23/dermatology_50/dermatology_51/dermatology_52/dermatology_53/dermatology_54/olive_23/world12d_23/world12d_50/world12d_51/world12d_52/world12d_53/iris_50/iris_51/iris_52/ecoli_35/ecoli_36/ecoli_37/ecoli_38/ecoli_39/ecoli_40/ecoli_41/ecoli_42/ecoli_43/ecoli_44/echocardiogram_54/heartdisease_4/heartdisease_5/heartdisease_7/heartdisease_9/heartdisease_10/heartdisease_11/heartdisease_12/heartdisease_13/heartdisease_14/heartdisease_15/heartdisease_16/heartdisease_17/heartdisease_18/heartdisease_19/heartdisease_20/heartdisease_23/heartdisease_24/heartdisease_26/heartdisease_27/heartdisease_28/heartdisease_29/heartdisease_30/heartdisease_32/heartdisease_34/heartdisease_35/heartdisease_36/heartdisease_37/heartdisease_38/heartdisease_39/heartdisease_40/heartdisease_41/heartdisease_42/heartdisease_43/heartdisease_50/heartdisease_51/heartdisease_52/heartdisease_54/glassidentification_15/glassidentification_35/glassidentification_36/glassidentification_37/glassidentification_47/glassidentification_48/glassidentification_49/glassidentification_65/glassidentification_66/glassidentification_67/glassidentification_68/glassidentification_69/hepatitis_20/hepatitis_21/hepatitis_24/hepatitis_45/hepatitis_46/hepatitis_49/dermatology_23/dermatology_50/dermatology_51/dermatology_52/dermatology_53/dermatology_54/olive_23/world12d_23/world12d_50/world12d_51/world12d_52/world12d_53/iris_50/iris_51/iris_52/ecoli_35/ecoli_36/ecoli_37/ecoli_38/ecoli_39/ecoli_40/ecoli_41/ecoli_42/ecoli_43/ecoli_44/echocardiogram_54/heartdisease_4/heartdisease_5/heartdisease_7/heartdisease_9/heartdisease_10/heartdisease_11/heartdisease_12/heartdisease_13/heartdisease_14/heartdisease_15/heartdisease_16/heartdisease_17/heartdisease_18/heartdisease_19/heartdisease_20/heartdisease_23/heartdisease_24/heartdisease_26/heartdisease_27/heartdisease_28/heartdisease_29/heartdisease_30/heartdisease_32/heartdisease_34/heartdisease_35/heartdisease_36/heartdisease_37/heartdisease_38/heartdisease_39/heartdisease_40/heartdisease_41/heartdisease_42/heartdisease_43/heartdisease_50/heartdisease_51/heartdisease_52/heartdisease_54/glassidentification_15/glassidentification_35/glassidentification_36/glassidentification_37/glassidentification_47/glassidentification_48/glassidentification_49/glassidentification_65/glassidentification_66/glassidentification_67/glassidentification_68/glassidentification_69/hepatitis_20/hepatitis_21/hepatitis_24/hepatitis_45/hepatitis_46/hepatitis_49/dermatology_23/dermatology_50/dermatology_51/dermatology_52/dermatology_53/dermatology_54/olive_23/world12d_23/world12d_50/world12d_51/world12d_52/world12d_53/iris_50/iris_51/iris_52/ecoli_35/ecoli_36/ecoli_37/ecoli_38/ecoli_39/ecoli_40/ecoli_41/ecoli_42/ecoli_43/ecoli_44/echocardiogram_54/heartdisease_4/heartdisease_5/heartdisease_7/heartdisease_9/heartdisease_10/heartdisease_11/heartdisease_12/heartdisease_13/heartdisease_14/heartdisease_15/heartdisease_16/heartdisease_17/heartdisease_18/heartdisease_19/heartdisease_20/heartdisease_23/heartdisease_24/heartdisease_26/heartdisease_27/heartdisease_28/heartdisease_29/heartdisease_30/heartdisease_32/heartdisease_34/heartdisease_35/heartdisease_36/heartdisease_37/heartdisease_38/heartdisease_39/heartdisease_40/heartdisease_41/heartdisease_42/heartdisease_43/heartdisease_50/heartdisease_51/heartdisease_52/heartdisease_54/glassidentification_15/glassidentification_35/glassidentification_36/glassidentification_37/glassidentification_47/glassidentification_48/glassidentification_49/glassidentification_65/glassidentification_66/glassidentification_67/glassidentification_68/glassidentification_69/hepatitis_20/hepatitis_21/hepatitis_24/hepatitis_45/hepatitis_46/hepatitis_49/dermatology_23/dermatology_50/dermatology_51/dermatology_52/dermatology_53/dermatology_54/olive_23/world12d_23/world12d_50/world12d_51/world12d_52/world12d_53/iris_50/iris_51/iris_52/ecoli_35/ecoli_36/ecoli_37/ecoli_38/ecoli_39/ecoli_40/ecoli_41/ecoli_42/ecoli_43/ecoli_44/echocardiogram_54/heartdisease_4/heartdisease_5/heartdisease_7/heartdisease_9/heartdisease_10/heartdisease_11/heartdisease_12/heartdisease_13/heartdisease_14/heartdisease_15/heartdisease_16/heartdisease_17/heartdisease_18/heartdisease_19/heartdisease_20/heartdisease_23/heartdisease_24/heartdisease_26/heartdisease_27/heartdisease_28/heartdisease_29/heartdisease_30/heartdisease_32/heartdisease_34/heartdisease_35/heartdisease_36/heartdisease_37/heartdisease_38/heartdisease_39/heartdisease_40/heartdisease_41/heartdisease_42/heartdisease_43/heartdisease_50/heartdisease_51/heartdisease_52/heartdisease_54/glassidentification_15/glassidentification_35/glassidentification_36/glassidentification_37/glassidentification_47/glassidentification_48/glassidentification_49/glassidentification_65/glassidentification_66/glassidentification_67/glassidentification_68/glassidentification_69/hepatitis_20/hepatitis_21/hepatitis_24/hepatitis_45/hepatitis_46/hepatitis_49/dermatology_23/dermatology_50/dermatology_51/dermatology_52/dermatology_53/dermatology_54/olive_23/,405
